ModelID,CCLE_name,StrippedCellLineName,lineage,disease,RBD27:220:nM,RBD27:670:nM,RBD27:2000:nM,RBD27:auc,SC919:100:nM,SC919:300:nM,SC919:1000:nM,SC919:3000:nM,SC919:auc
ACH-000007,LS513_LARGE_INTESTINE,LS513,Bowel,Colorectal Adenocarcinoma,0.408945815477058,-0.0221321901582863,0.252663753254668,0.9949254021467198,-0.170236997275805,-0.227837816979724,-0.426915796948938,-0.336640717344504,0.819585931487019
ACH-000008,A101D_SKIN,A101D,Skin,Melanoma,-0.093138047858921,-0.277220306369021,-0.156067363486698,0.8867096404654663,-0.22311307103359,0.140425949120994,-0.379808587762433,-0.456546284402479,0.8384957646374452
ACH-000011,253J_URINARY_TRACT,253J,Bladder/Urinary Tract,Bladder Urothelial Carcinoma,-0.30949202941684,-0.322250409171038,-0.684019756479464,0.7430585704870134,-0.328765448849881,-0.585876965360721,-0.762406898001374,-1.20971340871415,0.6210820662929399
ACH-000012,HCC827_LUNG,HCC827,Lung,Non-Small Cell Lung Cancer,0.556808853019982,1.24601909864213,1.54427056499518,1,0.387786034191787,-0.0108699023393215,-0.132458096341736,0.546341806707158,0.9761924099688661
ACH-000013,ONCODG1_OVARY,ONCODG1,Ovary/Fallopian Tube,Ovarian Epithelial Tumor,-0.462996035186877,-1.10039606941633,-1.38207741095303,0.5251774910693735,-0.141913314962377,-0.222483037227065,-0.85653099134135,-1.30900595090029,0.6798208057508965
ACH-000014,HS294T_SKIN,HS294T,Skin,Melanoma,-0.773649415462637,-0.417811747576406,-0.193964924198986,0.7358983321333612,-0.685326627742329,-0.956984038903383,-0.936550272520634,-0.102418401558184,0.6477371685243841
ACH-000015,NCIH1581_LUNG,NCIH1581,Lung,Non-Small Cell Lung Cancer,-0.311827108383748,0.37407795837043,0.438656697322607,0.9352069434432292,0.406354432422902,-0.400907179104128,0.801255820504213,-0.423264282792224,0.8757793192789671
ACH-000018,T24_URINARY_TRACT,T24,Bladder/Urinary Tract,Bladder Urothelial Carcinoma,-0.300300017680372,-0.728301573086313,-0.609909840030412,0.6903117521143998,-0.350238575667507,-0.399725220604108,-0.289756776077253,-0.526728493801477,0.7636559854911156
ACH-000019,MCF7_BREAST,MCF7,Breast,Invasive Breast Carcinoma,0.265973103009886,0.18334270041604,0.0392720254198396,1,-0.430503327351788,-0.0914476682630402,-0.0649845440280744,-0.47731979300356,0.8387124342591283
ACH-000021,NCIH1693_LUNG,NCIH1693,Lung,Non-Small Cell Lung Cancer,0.710825515819716,0.24946767711611,-0.166113339215386,0.9637468255398612,0.0690756836198196,-0.632481458488837,-0.280311328158084,-0.944800511245305,0.7469951565604783
ACH-000022,PATU8988S_PANCREAS,PATU8988S,Pancreas,Pancreatic Adenocarcinoma,0.0414140892028974,-0.150041725246862,-0.414946752157538,0.8837571915253017,0.0586414583992781,-0.180328653115694,0.184907756350058,-0.688848533049909,0.8757126775554582
ACH-000023,PATU8988T_PANCREAS,PATU8988T,Pancreas,Pancreatic Adenocarcinoma,0.21058294633511,0.345404279009439,0.289607072007844,1,0.181721859111426,0.088966091191632,0.1694335419798,0.362689567492105,1
ACH-000026,253JBV_URINARY_TRACT,253JBV,Bladder/Urinary Tract,Bladder Urothelial Carcinoma,-0.295448036156968,-0.00374370833359312,0.061878066884728,0.9374092233294007,-0.335828657145093,-0.205536686958596,-0.691762314059384,-0.125601029488424,0.798816039576643
ACH-000027,GOS3_CENTRAL_NERVOUS_SYSTEM,GOS3,CNS/Brain,Diffuse Glioma,-0.10208298445264,0.409468578310437,0.25445067119946,0.9772289455757476,-0.199991632351786,0.33556816515069,-0.00744149708685039,-0.2248612695377,0.9302720359737212
ACH-000030,PC14_LUNG,PC14,Lung,Non-Small Cell Lung Cancer,-0.861009516548299,-1.41362264094044,-1.26541198213412,0.4473052244336626,-0.788189289242206,-1.51241446267488,-1.31123050999104,-1.75869494845749,0.40702172722932556
ACH-000035,NCIH1650_LUNG,NCIH1650,Lung,Non-Small Cell Lung Cancer,-0.899423131229061,-0.962594699635723,-0.941417877993883,0.5233183749395075,-0.734331279786352,-0.872962118964586,-1.19150415652306,-0.347712600392505,0.5926990902035195
ACH-000037,S117_THYROID,S117,Soft Tissue,"Sarcoma, NOS",1.26916939270604,1.39415586875273,0.44069692591005,1,0.748719152055035,0.424242024059622,0.87662138018961,0.796908917651924,1
ACH-000040,U118MG_CENTRAL_NERVOUS_SYSTEM,U118MG,CNS/Brain,Diffuse Glioma,-0.27582199760512,0.457612503498057,-0.578089585309974,0.8319432581926033,-1.19365262155287,-0.535139449138391,-0.487644056841778,-0.522970137848563,0.6341032334255959
ACH-000042,PANC0203_PANCREAS,PANC0203,Pancreas,Pancreatic Adenocarcinoma,-0.788019863923688,-0.372120981896081,-1.01472094465683,0.6155694112151757,-1.07160752774578,-1.37985560498895,-0.989786224031058,-0.829136417281415,0.4816160648995627
ACH-000046,ACHN_KIDNEY,ACHN,Kidney,Renal Cell Carcinoma,-0.853699408292903,-1.30678468935239,-1.68195958374483,0.4230812487624271,-0.301329423859536,-1.3751337737792,-1.58563417852399,-1.80184809710187,0.45425158771054547
ACH-000047,GCIY_STOMACH,GCIY,Esophagus/Stomach,Esophagogastric Adenocarcinoma,0.291885603322334,-0.0908998863988748,0.0324397058317574,0.9796456337118089,-0.0560014283308911,-0.0201782603095527,-0.077454702290581,0.149304608947315,0.9739413930084875
ACH-000048,TOV112D_OVARY,TOV112D,Ovary/Fallopian Tube,Ovarian Epithelial Tumor,-0.599250003008673,-0.0656571197195624,-0.40247654584741,0.7907218255907318,-0.595418010808575,-1.07015087677461,-0.430147177018839,-0.517512444996433,0.6447208059088853
ACH-000052,A673_BONE,A673,Bone,Ewing Sarcoma,-0.573198673417992,0.225304657966687,-0.234533099833522,0.8406949866942084,-0.246376188604689,-0.332235709915293,-0.409759238644494,-0.0830656931215334,0.8335285732019537
ACH-000054,HT1080_SOFT_TISSUE,HT1080,Soft Tissue,Fibrosarcoma,0.159063557724066,0.0508386959331291,-0.119040819781106,0.9735998812081202,-0.100529155868606,-0.135398060565949,-0.0517490443479692,-0.510342150015322,0.8774828358785643
ACH-000060,PANC1005_PANCREAS,PANC1005,Pancreas,Pancreatic Adenocarcinoma,-0.277707522464879,-0.325092366692062,-0.630528750455152,0.7563625585256327,-0.265142821584836,-0.537957877169174,-1.01331665283425,-0.354584503168593,0.6995905938539063
ACH-000062,RERFLCMS_LUNG,RERFLCMS,Lung,Non-Small Cell Lung Cancer,0.474396163875529,0.462587904440007,0.646403167407346,1,0.160159890475904,0.745108750508181,-0.00616600161472913,-0.12238311104946,0.978601017520923
ACH-000066,HCC4006_LUNG,HCC4006,Lung,Non-Small Cell Lung Cancer,-0.314525557098726,-0.516232402757974,-0.946966833188117,0.674010893445387,-0.543977578096752,-0.83075298735073,-1.06690501448142,-1.02749345563694,0.5540041669682176
ACH-000082,G292CLONEA141B1_BONE,G292CLONEA141B1,Bone,Osteosarcoma,-0.240056277581503,0.507194557946319,0.278620612656066,0.9489040942059366,0.559229899353418,-1.12142358396466,-0.27167994597623,-0.44114212360275,0.7561364342002586
ACH-000086,ACCMESO1_PLEURA,ACCMESO1,Pleura,Pleural Mesothelioma,-0.462704138939269,0.522794192491146,0.629595363858291,0.9085416321246962,0.283884468105549,-0.108670447909671,0.518083919603136,0.212198523666978,0.9818605940356373
ACH-000087,SKES1_BONE,SKES1,Bone,Ewing Sarcoma,-0.506387592035936,0.313966479670724,0.08691119986039,0.901327652388174,-1.00331192004866,-0.831155252162335,0.142439966834488,-0.393187351062877,0.7055944862574689
ACH-000090,PC3_PROSTATE,PC3,Prostate,Prostate Adenocarcinoma,-0.155048085035435,0.39601295624522,0.066171316229906,0.9660341462082503,-1.17455524789316,-0.381588875972772,0.265836324495175,0.187483404305946,0.8026530173147837
ACH-000091,OV56_OVARY,OV56,Ovary/Fallopian Tube,Ovarian Epithelial Tumor,-1.23863336854476,-1.8446955351611,-1.0249747872676,0.3978689797170497,-0.40833712913631,-0.546436683431279,-0.480002257305842,-1.83907107206869,0.6086696901125589
ACH-000092,NCIH2452_PLEURA,NCIH2452,Pleura,Pleural Mesothelioma,-0.328231717125142,-0.472896573324498,-0.734921758596928,0.7059597636591888,-0.15994480302946,-0.730201677130335,-0.827646868846873,-0.695808888846958,0.669672386496532
ACH-000097,ZR751_BREAST,ZR751,Breast,Invasive Breast Carcinoma,-0.058213656172159,-0.246634871998602,-0.370907162162932,0.8588696108426732,-0.950987826972164,-1.25013364899662,-0.90905734279434,-1.03878286003192,0.48923957257852824
ACH-000098,GAMG_CENTRAL_NERVOUS_SYSTEM,GAMG,CNS/Brain,Diffuse Glioma,0.0113241988581143,0.532456245677938,0.152847090852732,1,0.161606761664754,-0.303660233659694,0.07240490254602,0.00357287524260142,0.9525485646150977
ACH-000099,SIMA_AUTONOMIC_GANGLIA,SIMA,Peripheral Nervous System,Neuroblastoma,0.142329897681756,-0.185373407149581,-0.204094550586262,0.9158349209941296,-0.133412416550691,-0.531391660966941,-1.23287681635078,-0.581829982050668,0.67428586861641
ACH-000107,CAPAN2_PANCREAS,CAPAN2,Pancreas,Pancreatic Adenocarcinoma,-0.280896810557792,-0.363652222757276,-0.440904028246422,0.7789822194347522,-0.656082317936919,-0.887928689497005,-1.0338444172369,-0.247994503258014,0.6263654345103074
ACH-000108,KP3_PANCREAS,KP3,Pancreas,Adenosquamous Carcinoma of the Pancreas,0.2611512431521,0.648737687351339,-0.185827086594256,0.9597149746732674,-0.592324015270081,-0.537974280979563,0.121876262989758,-0.00638136266397052,0.8368993586323243
ACH-000117,EFM192A_BREAST,EFM192A,Breast,Invasive Breast Carcinoma,-0.324049096859886,-0.831891736022025,-0.835189718461417,0.6403753883139606,-1.20216738555494,-1.0647387263773,-1.4229568436499,-0.66871554679045,0.47867368680927336
ACH-000118,HUPT3_PANCREAS,HUPT3,Pancreas,Pancreatic Adenocarcinoma,-0.108685792286006,0.388260301539124,0.216996286660132,0.9758108373334188,-0.398761537246361,-0.432146373936224,-0.562809115501535,0.0844430267570001,0.7941625365439562
ACH-000123,COV434_OVARY,COV434,Ovary/Fallopian Tube,Ovarian Epithelial Tumor,-1.7974099912375,-0.616823617969408,-0.949084983899728,0.4859188540157235,-0.872491868150488,-1.60809166621029,-2.05655357183362,-0.493590554694684,0.4562198549144173
ACH-000132,JHOS2_OVARY,JHOS2,Ovary/Fallopian Tube,Ovarian Epithelial Tumor,-0.149714594530016,-0.382512971113081,0.0904797252054078,0.8895096729082096,-0.60126270718834,-0.689217137547502,-0.269338879755979,-0.645204880971201,0.6871171785897505
ACH-000133,HS729_SOFT_TISSUE,HS729,Fibroblast,Non-Cancerous,-0.227962665371969,-0.315396213714254,-0.875527677280994,0.734174845945959,-0.435292521593049,-0.984573729701481,-0.453432022891648,-0.780063505936686,0.6393908585729553
ACH-000137,8MGBA_CENTRAL_NERVOUS_SYSTEM,8MGBA,CNS/Brain,Diffuse Glioma,-0.577064005704427,-0.654316335677925,-0.189770570222911,0.7274827352622784,-0.277281122659237,-0.592583279254826,-1.22043796179768,-0.597021835250079,0.6446421814440807
ACH-000138,CFPAC1_PANCREAS,CFPAC1,Pancreas,Pancreatic Adenocarcinoma,-0.609867533288856,-0.222277372274975,-0.354954322378083,0.7647874920719494,-0.375308950531764,-0.567278283173287,0.212265126870127,-0.55880436915294,0.7811734094603044
ACH-000139,PANC0327_PANCREAS,PANC0327,Pancreas,Pancreatic Adenocarcinoma,-0.112032762293398,-0.598218418190778,-0.593396041121201,0.7495445050745736,-0.477566294044094,-0.383503967654903,-0.0759403852191321,0.266291758985358,0.858371286022452
ACH-000141,SNU308_BILIARY_TRACT,SNU308,Biliary Tract,Intracholecystic Papillary Neoplasm,-0.162455167185986,0.252744167245194,0.0118427889109202,0.9645010731789142,-1.11995845161866,-0.64945644213793,0.0763229658931581,-0.290845480174401,0.7287626034673607
ACH-000142,CAL29_URINARY_TRACT,CAL29,Bladder/Urinary Tract,Bladder Urothelial Carcinoma,-0.264687988789618,-0.0492558819682696,-0.200168430301538,0.8897541132948422,-0.434963710310644,-0.726736717184625,-0.255975899453458,-0.515869427473436,0.7201933401614661
ACH-000147,T47D_BREAST,T47D,Breast,Invasive Breast Carcinoma,0.0230563211830468,0.142216716413211,-0.232695850342979,0.9503477093046064,-0.0441688516580892,-0.228120839998549,-0.304446616376201,-0.417044116499085,0.8455762296324139
ACH-000153,NCIH2052_PLEURA,NCIH2052,Pleura,Pleural Mesothelioma,0.423229076741465,-0.32258406430327,-0.445576823848078,0.8446423356790406,-0.500907923199516,-0.37634524350326,-0.239267395227829,-0.64073426635604,0.7414026203152374
ACH-000155,SW1990_PANCREAS,SW1990,Pancreas,Pancreatic Adenocarcinoma,0.23496062167142,0.289771401826349,0.963196382219506,1,0.324464223815376,0.299664870309727,0.132769819078317,0.425305276740665,1
ACH-000159,OSRC2_KIDNEY,OSRC2,Kidney,Renal Cell Carcinoma,-0.143360562029501,-0.651800282051416,-1.03456088786729,0.6766858952488995,0.0127549724396878,-0.634397931360344,-0.284539429056549,-0.831477029072948,0.756791722270618
ACH-000161,CORL105_LUNG,CORL105,Lung,Non-Small Cell Lung Cancer,-0.312039969672009,-0.0184899151793792,-0.32309379382578,0.8640404601144861,-0.649479393653181,-0.676503390326835,-1.0899408741329,-1.10380613463435,0.5495645436873047
ACH-000163,SW579_THYROID,SW579,Head and Neck,Head and Neck Squamous Cell Carcinoma,0.494339589559363,0.268398393704168,-0.261156793838776,0.9448061968691726,0.276049499485989,-0.432930547677375,0.024099225355692,-1.24601271306676,0.7905918496208362
ACH-000164,PANC1_PANCREAS,PANC1,Pancreas,Pancreatic Adenocarcinoma,-0.0891607607849249,-0.107810049639462,0.138970131124217,0.9560216985129923,-0.0704745099182722,-0.461399135280606,-0.730529136462413,-0.052196852746397,0.8114389225147038
ACH-000169,RD_SOFT_TISSUE,RD,Soft Tissue,Rhabdomyosarcoma,-1.98720749707706,-1.76576057096268,-1.89477076426375,0.27173818835300984,-0.995331614960504,-2.08302395128446,-1.46663365213972,-1.87196125446857,0.34316677676808943
ACH-000171,VMRCRCZ_KIDNEY,VMRCRCZ,Kidney,Renal Cell Carcinoma,-1.04272376692663,-0.572153485817989,-0.611939523439234,0.6041128911778233,-0.72831498143626,-1.02281176345378,-0.832065840686241,-0.668245642363563,0.5716901167262871
ACH-000172,TM87_SOFT_TISSUE,TM87,Soft Tissue,Rhabdoid Cancer,0.270861325408549,0.598214272889368,-0.298641977672642,0.9376724456985939,-0.484752045611008,0.379875012682335,0.325325186869507,0.121336671549723,0.9286549700597686
ACH-000174,CAL62_THYROID,CAL62,Thyroid,Anaplastic Thyroid Cancer,0.153112084499454,0.682457407397738,0.719813525331968,1,-0.423561145366067,0.398813826315752,0.752921034736106,0.421914294131235,0.9363954895297625
ACH-000176,LOUNH91_LUNG,LOUNH91,Lung,Non-Small Cell Lung Cancer,0.0357515728607162,0.163246888793879,0.0546165806820576,1,-0.303594300040279,0.054549213586957,-0.015966135723177,0.134235441771719,0.9498063543149741
ACH-000178,HS766T_PANCREAS,HS766T,Pancreas,Pancreatic Adenocarcinoma,0.0190804953882605,-0.576777730772818,-0.0548178199883714,0.8777251957460105,-0.567545893433364,-0.69308559863009,0.25331786439638,-0.192150496387995,0.7921482951367179
ACH-000182,SNU869_BILIARY_TRACT,SNU869,Ampulla of Vater,Ampullary Carcinoma,-0.896624056614279,-0.567619793465727,-0.682138239634973,0.6117040415290558,-1.29492652812836,-1.06654919836934,-1.51131293875992,-1.52947709425919,0.39555283201176933
ACH-000186,NCIH2444_LUNG,NCIH2444,Lung,Non-Small Cell Lung Cancer,0.396196558100881,0.475987713557159,-0.49255715464572303,0.9035880540500714,-0.603502177721056,-0.592313135559808,0.0589350663837183,0.00580956544389806,0.830358229867989
ACH-000188,SCC25_UPPER_AERODIGESTIVE_TRACT,SCC25,Head and Neck,Head and Neck Squamous Cell Carcinoma,0.133786185102037,0.362810054341396,0.12075646169227,1,-0.0437719012824392,0.0834804769540307,-0.0532427968903342,0.482251570075322,0.9834707192634237
ACH-000189,RCC10RGB_KIDNEY,RCC10RGB,Kidney,Renal Cell Carcinoma,-0.324432840523056,-0.135053255068902,-0.415676588278952,0.8196387779105735,-0.53934083517264,-0.738743738020659,-0.302911594617181,-0.340533314929815,0.7219275685725308
ACH-000191,BHT101_THYROID,BHT101,Thyroid,Anaplastic Thyroid Cancer,-0.223203854493044,-0.377650786967593,-0.734261119720666,0.7424922029473285,-0.239952240440372,-0.859410694476165,-0.578279333266964,-1.27684573457577,0.6201024848221939
ACH-000192,MFE280_ENDOMETRIUM,MFE280,Uterus,Endometrial Carcinoma,-2.52882882205776,-1.42152492644477,-2.27434816995611,0.2511009176546032,-1.042313832284,-1.42482794244118,-1.70865155496144,-1.8830139975337301,0.35876862848339386
ACH-000205,PK59_PANCREAS,PK59,Pancreas,Pancreatic Adenocarcinoma,-0.0695524088252041,0.0595456653085178,-0.261969804787954,0.9289606981714525,-0.36419698120884,0.189397029646093,0.0851733698068245,-0.414288973687008,0.881822603894042
ACH-000207,DETROIT562_UPPER_AERODIGESTIVE_TRACT,DETROIT562,Head and Neck,Head and Neck Squamous Cell Carcinoma,-0.482378855652327,-0.0576367580629737,0.179535594984163,0.8922110429784407,-0.551485539280791,0.162234053190118,-0.0354755579539476,-0.318528360814812,0.8649786762592844
ACH-000209,SNU1079_BILIARY_TRACT,SNU1079,Biliary Tract,Intraductal Papillary Neoplasm of the Bile Duct,-0.295123367663057,-0.42579462318488,-0.195720326255376,0.8108560226249162,-0.511280516813504,-0.224226772094101,-0.721828456788353,-0.303616438303826,0.74355012481042
ACH-000210,CADOES1_BONE,CADOES1,Bone,Ewing Sarcoma,0.587880115861001,1.19049918498606,-0.517248805677575,0.899567659316605,0.341222152914262,-1.03544409408439,-0.248982518423841,-0.240713619607178,0.7939204847388853
ACH-000211,DAOY_CENTRAL_NERVOUS_SYSTEM,DAOY,CNS/Brain,Embryonal Tumor,-0.43082289173938,0.0180457124136606,-0.286596287141985,0.8538908408864795,-0.497607739528087,-0.13553559909321,-1.05344740518311,-0.0340649809637706,0.7692730200539326
ACH-000212,CAL120_BREAST,CAL120,Breast,Invasive Breast Carcinoma,-0.153255949998166,0.274807935161761,0.276990947533855,0.9664062555591248,0.19556593186645,-0.100410683870661,-0.29657436951162,0.151859329878614,0.9367376954569953
ACH-000217,JHH6_LIVER,JHH6,Liver,Hepatocellular Carcinoma,0.195403518215381,0.327952973680046,-0.0352800225937526,0.9919474448164135,-0.485923404556125,-0.262211230159152,-0.419546763565019,-0.00828842247274908,0.8224449247858494
ACH-000219,A375_SKIN,A375,Skin,Melanoma,-0.40713868901123,-0.453449372246554,-0.619280766115149,0.7118025372468191,-0.863043096912354,-0.65747266013431,-0.921506185605214,-0.735425842151459,0.5780944636088805
ACH-000221,SNU398_LIVER,SNU398,Liver,Hepatocellular Carcinoma,0.943290066107326,0.703893943949048,0.10270923628715,1,0.69433868028116,0.276476091124406,0.855159986916408,0.536773263380382,1
ACH-000222,ASPC1_PANCREAS,ASPC1,Pancreas,Pancreatic Adenocarcinoma,0.0602164304320997,0.302961434463135,-0.11809881876651,0.9738003572653346,0.0277299988345823,-0.207358690994401,-0.318159189077206,-0.0198012009542257,0.9136456901916209
ACH-000223,HCC1937_BREAST,HCC1937,Breast,Invasive Breast Carcinoma,0.238468455593754,0.0282556156394797,-0.552297724076705,0.8939777248947398,-1.17025665995281,0.192972930841185,-0.146586967746125,-1.40483848194401,0.681346953538776
ACH-000228,BICR31_UPPER_AERODIGESTIVE_TRACT,BICR31,Head and Neck,Head and Neck Squamous Cell Carcinoma,0.168526522569448,-0.343247303260313,0.0197906869949214,0.9294216800021707,-2.02471694279774,-0.6395855460878,-0.594382188725771,-0.567735277033323,0.556163441501943
ACH-000231,KALS1_CENTRAL_NERVOUS_SYSTEM,KALS1,CNS/Brain,Diffuse Glioma,-0.381386731701088,-0.400860392760027,0.0116681202944635,0.8417019212122948,-0.575647426550941,-0.447643177312688,-0.56208092766534,0.209988112064162,0.7703873183526423
ACH-000232,U251MG_CENTRAL_NERVOUS_SYSTEM,U251MG,CNS/Brain,Diffuse Glioma,-0.220763271626632,0.642735240884096,0.113093778656135,0.9527037747695867,0.0312222053639056,-0.21843923745159,-0.629469932574579,0.0395716129114146,0.8764771603929173
ACH-000235,PANC0403_PANCREAS,PANC0403,Pancreas,Pancreatic Adenocarcinoma,-0.185583152044484,-0.455555958377069,-1.28038372553731,0.673402893571069,-1.26170147984047,0.140208482755784,-0.340734106554809,0.213335880356006,0.8016728037782799
ACH-000237,JHOM1_OVARY,JHOM1,Ovary/Fallopian Tube,Ovarian Epithelial Tumor,-0.341790556686856,0.910960265025987,0.367421730265511,0.9296871281858196,0.163791886712878,0.23107549154751,1.04166335812519,0.293208835185382,1
ACH-000242,RT4_URINARY_TRACT,RT4,Bladder/Urinary Tract,Bladder Urothelial Carcinoma,-0.310123887167741,-0.534695577377145,-1.41038777008181,0.6243624570614734,0.0424906227111162,-0.876148930199572,-0.401796790185549,-1.22145257864945,0.6826463817412569
ACH-000243,DANG_PANCREAS,DANG,Pancreas,Pancreatic Adenocarcinoma,0.481954386294982,1.18276561230914,0.656142789343428,1,0.100247974194554,0.861229123175783,1.23696273673443,-0.12477415601346,0.9792869012793692
ACH-000244,DKMG_CENTRAL_NERVOUS_SYSTEM,DKMG,CNS/Brain,Diffuse Glioma,0.619579835936017,0.159122284458524,-0.0713447487219355,0.9839168165023425,0.225301385493697,0.115858998714586,0.0902109243162286,-0.0741802543456996,0.987470423647474
ACH-000250,KMRC20_KIDNEY,KMRC20,Kidney,Renal Cell Carcinoma,-0.464583806210179,-0.429144993831243,-0.446678523781335,0.7337040233778329,-0.578748784627106,-1.03843990928336,-0.755773059663623,-0.542725119002471,0.6087749554503821
ACH-000252,LS1034_LARGE_INTESTINE,LS1034,Bowel,Colorectal Adenocarcinoma,-0.26198368181125,-0.305279861228265,-0.133734629200672,0.8515648700826487,-0.573346171560817,-1.06455290259759,-0.295662620636622,-0.438732768000256,0.6756643659471957
ACH-000255,LMSU_STOMACH,LMSU,Esophagus/Stomach,Esophagogastric Adenocarcinoma,-0.569305975761792,0.18206991690346,0.6697441394539,0.8913136390391756,-0.468130902671295,-0.0903086579299693,0.625285302100719,0.00589812993321988,0.9155555790540382
ACH-000259,KELLY_AUTONOMIC_GANGLIA,KELLY,Peripheral Nervous System,Neuroblastoma,-0.319822255946564,-0.3355170313765,-0.188420087945947,0.8237449588002844,-0.29083275346791,-0.522463510171666,-0.562382300612425,-0.710567803975811,0.7004686812438663
ACH-000260,SKNAS_AUTONOMIC_GANGLIA,SKNAS,Peripheral Nervous System,Neuroblastoma,-0.00317955005899353,-0.391142704762555,-0.315647839067558,0.8546046774221865,-0.361226923995311,-0.507877338882923,-0.196036926025382,-0.738112579815671,0.7385567596528115
ACH-000261,RERFLCAI_LUNG,RERFLCAI,Lung,Non-Small Cell Lung Cancer,-0.570042013054432,-0.484353654024149,-0.131411785038735,0.767117350946757,0.0852294085103115,-0.315018431706256,-0.438126731339252,-0.289108784204646,0.8400851382012655
ACH-000264,CALU6_LUNG,CALU6,Lung,Non-Small Cell Lung Cancer,-1.7085450553282,-0.774362213200571,-1.28459778789074,0.43370024559891823,-1.41358395778194,-1.19187784539373,-0.933111621481344,-1.26824118410696,0.43800096948014633
ACH-000265,KP4_PANCREAS,KP4,Pancreas,Pancreatic Adenocarcinoma,-0.00398106027666168,-0.042156498252412,0.275770201473675,0.9894821601655907,0.0961589483266508,0.0532959730984796,-0.565414666067471,-0.161894653377787,0.8924028969443877
ACH-000266,SNU213_PANCREAS,SNU213,Pancreas,Pancreatic Adenocarcinoma,-0.0598541810294205,-0.664011982230245,-0.545089699402981,0.758610214956149,-0.35940868610808,-0.645698904435104,-0.974154338817394,-0.372314197739917,0.6750618725390736
ACH-000268,SNU245_BILIARY_TRACT,SNU245,Biliary Tract,Intraductal Papillary Neoplasm of the Bile Duct,-0.475773438508039,-0.102133681833203,-0.483628090464543,0.7886373709952545,-0.799013599388778,-0.356016700017319,-0.644522168200404,-0.676620265761967,0.6553486660453778
ACH-000270,HPAC_PANCREAS,HPAC,Pancreas,Pancreatic Adenocarcinoma,1.00841227399758,0.86067963900731,0.297296341614518,1,0.189129769106093,0.340168815303268,-0.00859583026909855,0.928465807681691,0.9985148848030481
ACH-000273,SF539_CENTRAL_NERVOUS_SYSTEM,SF539,CNS/Brain,Diffuse Glioma,-0.583790723550397,-0.707130403367122,-0.772094249426822,0.6217708315536284,0.308155695007484,-1.46721925602355,-0.49839482872855,-1.43544470693196,0.6098264003086918
ACH-000274,HS852T_SKIN,HS852T,Skin,Melanoma,0.432632563460895,0.376401165690683,0.284269052312403,1,0.235143354512218,0.428509420082545,-0.181967265043974,-0.0350106244047692,0.9643811830199174
ACH-000276,HCC38_BREAST,HCC38,Breast,Invasive Breast Carcinoma,0.155573653363176,-0.230209931003597,-0.590508684788762,0.8388731788865595,-0.349118206170581,-0.353637467769829,-0.286014897124908,-0.433644631458127,0.7820564132670762
ACH-000277,HCC1419_BREAST,HCC1419,Breast,Invasive Breast Carcinoma,0.0617506490010472,0.184595998176544,0.404709322052493,1,0.238521129420885,-0.102666416608481,0.139811569802202,0.193361063756584,0.9828275336722834
ACH-000278,COV362_OVARY,COV362,Ovary/Fallopian Tube,Ovarian Epithelial Tumor,-0.220857387213072,0.0101053495635601,-0.104057388664715,0.9294893309002877,-0.178815617050834,-0.530655417260559,-0.233819538282896,-0.567945366721733,0.7751563661367975
ACH-000279,EWS502_BONE,EWS502,Bone,Ewing Sarcoma,0.374394780978769,-2.52013803462562,-1.03013672388683,0.5546633398409893,-0.854440485345498,-2.13218239807938,-0.491100140359095,-0.0272103078209805,0.6184976651045311
ACH-000280,SNU840_OVARY,SNU840,Ovary/Fallopian Tube,Ovarian Epithelial Tumor,-0.299421406750933,0.0390622384224086,-0.0305377245230703,0.9305445098742707,-0.114017399650405,-0.0507831597813508,-0.299829934760816,-0.220029243830191,0.8900799324009685
ACH-000281,KP2_PANCREAS,KP2,Pancreas,Pancreatic Adenocarcinoma,-0.439301122224789,-0.137092446777405,-0.606476596459142,0.7678801881538256,-1.15299878063717,-0.946474948217613,-0.287524898621958,-1.65305948162859,0.5264649806252232
ACH-000288,BT549_BREAST,BT549,Breast,Invasive Breast Carcinoma,-0.232081486279725,0.413649285858104,-0.36968580018002,0.8751188839953807,-0.376157634938065,-0.277173842756129,-0.308279523195908,-1.19242031489545,0.7102163342818334
ACH-000289,SNU466_CENTRAL_NERVOUS_SYSTEM,SNU466,CNS/Brain,Diffuse Glioma,0.466677741582308,0.295950651945673,-0.615871069173588,0.8841785956941061,-0.338892456380134,0.352295634644082,-0.40909417646346,-0.76094814986339,0.783463125692313
ACH-000292,NCIH841_LUNG,NCIH841,Lung,Lung Neuroendocrine Tumor,-0.125632552158684,0.228952019079151,1.1094311735848e-4,0.9722006897703178,0.357058722302134,-0.224673101729188,-0.0307510981441743,-0.127715720324187,0.9374947356886958
ACH-000296,OUMS23_LARGE_INTESTINE,OUMS23,Bowel,Colorectal Adenocarcinoma,0.859124897335175,0.0779401829216689,0.460259137023447,1,0.270650791027603,-0.340022482065392,-0.0209032358404947,1.00402875035614,0.9439111105434153
ACH-000302,SNU1077_ENDOMETRIUM,SNU1077,Uterus,Endometrial Carcinoma,0.0152668493356954,1.47927891141223,0.294255030664528,1,-0.352783992621798,0.4000133753387,0.719310861309038,0.0169031063009848,0.9457678831976766
ACH-000305,ECGI10_OESOPHAGUS,ECGI10,Esophagus/Stomach,Esophageal Squamous Cell Carcinoma,-0.291509926204794,-0.833798088895973,-0.426251425656542,0.7074298891003181,-0.445345356594792,-0.581287068036132,-0.585059972982189,-0.517525265950952,0.6919916149036036
ACH-000307,PK1_PANCREAS,PK1,Pancreas,Pancreatic Adenocarcinoma,-0.5397123231947,-0.226993879544996,-0.617423650704807,0.7313851195038943,-0.285337818234833,-0.676652291762209,-0.336216873003304,-0.813629345793378,0.7018073117842218
ACH-000308,EFO21_OVARY,EFO21,Ovary/Fallopian Tube,Ovarian Epithelial Tumor,0.0664598450767646,-0.27872545286268,-0.268922255886983,0.8847527491558939,-0.281136022480769,0.167034515433802,0.101402143819194,0.0417730560466358,0.955735687904109
ACH-000309,SKLU1_LUNG,SKLU1,Lung,Non-Small Cell Lung Cancer,-0.257402806374828,-0.289887078517121,-0.257512434959452,0.8303625899970941,-0.39151441261349,-0.451235636380345,-0.239215228476836,-0.021458190947788,0.8315468786613716
ACH-000311,NCIH2122_LUNG,NCIH2122,Lung,Non-Small Cell Lung Cancer,-1.157403419651,-2.1561854612187,-2.8477288124159,0.27052735683139506,-1.49718650209778,-3.3763999492284,-3.37818749751339,-3.70355761434279,0.15586767650427472
ACH-000312,SKNBE2_AUTONOMIC_GANGLIA,SKNBE2,Peripheral Nervous System,Neuroblastoma,0.2777813463969,0.0235631605100592,0.210127820924129,1,-0.22861605051441,-0.198171579155882,-0.130190534298898,-0.0512871292806699,0.9009733680077092
ACH-000313,KMRC3_KIDNEY,KMRC3,Kidney,Renal Cell Carcinoma,0.146357040941197,0.22637634731467,-0.00103095764062058,0.9997618832959145,0.0743659093231608,-0.0475566349862433,-0.0318554897017792,0.314229508661908,0.9864337709758498
ACH-000316,SNU886_LIVER,SNU886,Liver,Hepatocellular Carcinoma,0.520785516868346,0.350031793821606,0.40091377577917,1,-0.246078787227996,-0.401333593883211,0.733574484059364,0.353812774091853,0.9000857804964892
ACH-000318,TE10_OESOPHAGUS,TE10,Esophagus/Stomach,Esophageal Squamous Cell Carcinoma,-0.875032275906812,-1.22074075762014,-1.33055087642528,0.4573068045279964,-0.909180155594591,-0.776550531789142,-1.31706404688348,-1.19160701325897,0.48885357004725755
ACH-000319,MPP89_PLEURA,MPP89,Pleura,Pleural Mesothelioma,0.0163916434891775,5.4585155029942e-4,-0.126805813526576,0.9719523174302569,-1.28769007637898,-0.586326594226105,-0.59811718420408,-0.0082881985485246,0.6826325056154859
ACH-000320,PSN1_PANCREAS,PSN1,Pancreas,Pancreatic Adenocarcinoma,-0.421745645115009,-0.0427532335877021,-0.818129390107628,0.7614993914621782,-0.421872341223227,-1.05077904884512,-0.466563150956123,-0.574410826607738,0.6561024166067292
ACH-000322,HT144_SKIN,HT144,Skin,Melanoma,-0.566741029031295,-0.239166759530257,0.326136919259186,0.8407915570344,-1.61858493019628,-1.61089564457231,-0.101540144492806,-0.869306424228753,0.5331242960549664
ACH-000323,42MGBA_CENTRAL_NERVOUS_SYSTEM,42MGBA,CNS/Brain,Diffuse Glioma,-0.902649372536758,-1.28016847606008,-1.08830024102105,0.4723220391331088,-1.26710487602693,-0.891476752057216,-0.652755580462911,-1.05530236966795,0.5179538470093362
ACH-000324,JHOC5_OVARY,JHOC5,Ovary/Fallopian Tube,Ovarian Epithelial Tumor,-0.291628771746511,0.105774724616064,-0.186848113575853,0.8985007132295125,-0.646308572720399,-0.817782094653325,-0.375810767482111,-0.100336665199215,0.7274284772403721
ACH-000329,CCFSTTG1_CENTRAL_NERVOUS_SYSTEM,CCFSTTG1,CNS/Brain,Diffuse Glioma,0.670993824982389,0.77126283152296,1.05300851494076,1,0.250311361161802,0.593814726297319,0.0796751165721233,0.439259248386789,1
ACH-000331,ISTMES2_PLEURA,ISTMES2,Pleura,Pleural Mesothelioma,0.220198890517511,0.0360943096122503,0.404273424855065,1,-0.150587623408617,-0.240655120919756,0.132978519449736,-0.118476353850762,0.9171010826098056
ACH-000332,YAPC_PANCREAS,YAPC,Pancreas,Pancreatic Adenocarcinoma,0.0798214190852673,0.0848910148333189,0.198745852191032,1,-0.123899616181618,0.161571380718854,0.0859575981923328,-0.0387366898211957,0.9728026924910481
ACH-000335,MSTO211H_PLEURA,MSTO211H,Pleura,Pleural Mesothelioma,0.240453701200317,-0.061079127746003,-0.0792838811269034,0.9683580756195833,-0.279632141479426,-0.053545879292782,-0.0831203590590812,-0.149494273632082,0.9082365745935275
ACH-000343,NCIH522_LUNG,NCIH522,Lung,Non-Small Cell Lung Cancer,0.437539723137626,0.301318317895584,0.160608289077622,1,0.00160036836903736,0.119417639509318,0.0731853926917782,-0.301362141229334,0.9528714646310109
ACH-000344,SNU668_STOMACH,SNU668,Esophagus/Stomach,Esophagogastric Adenocarcinoma,-0.183898620907583,-0.0235075507158569,-0.215739427569286,0.9084211382050263,-0.297336602314396,-0.377840195587429,-0.499301029279523,-0.705897654636997,0.7259631306509862
ACH-000347,QGP1_PANCREAS,QGP1,Pancreas,Pancreatic Neuroendocrine Tumor,0.208546448095097,0.352232566532959,0.42305684930563,1,-0.548064325267697,-0.368502227604117,0.25651883611109,-0.0189994857249404,0.8613600728049304
ACH-000351,MKN1_STOMACH,MKN1,Esophagus/Stomach,Esophagogastric Adenocarcinoma,0.124105158968996,-0.371678631647785,-0.139484489970243,0.8935753954419924,-0.513858694497837,-0.606568412933788,-0.38361389485104,0.234478809018269,0.7809047126547524
ACH-000352,HCC1428_BREAST,HCC1428,Breast,Invasive Breast Carcinoma,-0.289696020522566,0.131545302083989,-0.0999531408085795,0.9170459026578083,-0.372162253789793,-0.381917299442996,-0.422441920000693,-0.302368666560398,0.7742802978572828
ACH-000356,MKN45_STOMACH,MKN45,Esophagus/Stomach,Esophagogastric Adenocarcinoma,-0.356604625757033,0.142568638453414,0.098584216576473,0.92700016615112,-0.149794120942768,0.0286647652028273,0.568802545998993,-0.127967579711489,0.9541247041925807
ACH-000359,MG63_BONE,MG63,Bone,Osteosarcoma,-0.615458476850915,-0.794648373193321,-0.843163098314852,0.5955420605406827,-0.779332839062935,-1.39466808230092,-1.82074214755272,-1.61352710905749,0.3932105189845047
ACH-000361,SKHEP1_LIVER,SKHEP1,Liver,Hepatocellular Carcinoma,-0.115395435801435,-0.251828160421443,-0.517693901637933,0.820482739869186,-0.120954219838777,-0.446930521524662,-0.444747809448387,-0.515127684178598,0.7719062412201907
ACH-000364,U2OS_BONE,U2OS,Bone,Osteosarcoma,-0.121367323118959,0.0297740300428501,0.118368129286444,0.9731053167503849,-0.297191323406783,-0.807093818326586,-0.0151350286024502,-0.397503812192867,0.7835254922365091
ACH-000367,NCIH226_LUNG,NCIH226,Pleura,Pleural Mesothelioma,-0.184403241113283,0.056413197864545,-0.0687205262183742,0.9444987478533159,-0.655081849843293,-0.309822883928013,-0.376600933283995,-0.399522465369852,0.7425349097600293
ACH-000368,SNU1105_CENTRAL_NERVOUS_SYSTEM,SNU1105,CNS/Brain,Diffuse Glioma,-1.64944351159327,-0.255984543890124,-0.328676612980766,0.6508150379426242,-1.26825742614695,1.50876869120214,0.532426049882275,0.650703081774584,0.8537902316312118
ACH-000374,HCC1143_BREAST,HCC1143,Breast,Invasive Breast Carcinoma,0.056681978816222,-0.0057036318602097,-0.434165095679533,0.9120587653760636,-0.0352359008576502,-0.170636637978313,-0.0701117796190392,-0.438154739683345,0.8887412349522341
ACH-000375,G402_SOFT_TISSUE,G402,Kidney,Renal Cell Carcinoma,-1.57044093258603,-1.31024800023568,-1.47623511768712,0.3664608592267088,-0.956840343614664,-1.76972512542427,-1.92760324262058,-2.30519370253884,0.3184118721003001
ACH-000376,SF295_CENTRAL_NERVOUS_SYSTEM,SF295,CNS/Brain,Diffuse Glioma,0.327190019023629,1.07610127239664,0.755628010583543,1,0.544821262075005,0.35804772206615,0.309647573514328,0.181134836314812,1
ACH-000383,OE33_OESOPHAGUS,OE33,Esophagus/Stomach,Esophagogastric Adenocarcinoma,-1.60731161770467,-0.815284326970279,-1.62604096376288,0.40682729974028753,-0.329356728311452,-1.67124060529167,-1.67163826000083,-1.18699530272218,0.46574696572422086
ACH-000384,SW780_URINARY_TRACT,SW780,Bladder/Urinary Tract,Bladder Urothelial Carcinoma,-0.360938613671259,0.100261412414901,-0.0502077867305248,0.9148183467661215,-0.553130939355297,-0.00465942374008825,0.0418895977716362,-0.217604127030744,0.8845768554387101
ACH-000389,H4_CENTRAL_NERVOUS_SYSTEM,H4,CNS/Brain,Diffuse Glioma,-1.01876997486424,-0.449484908925723,-0.492309137003095,0.6455758592202085,-0.343419213006882,-0.592226272275022,-0.376020123264963,-0.696694696597987,0.709758535448349
ACH-000390,LUDLU1_LUNG,LUDLU1,Lung,Non-Small Cell Lung Cancer,-0.123924155687908,0.062910712330536,-0.127958616285728,0.9442711810676567,-0.212530617044551,-0.39192020826204,-0.469474768714094,-0.159470538463023,0.8106794339023863
ACH-000391,MHHES1_BONE,MHHES1,Bone,Ewing Sarcoma,-0.459315984873173,0.970883344847603,0.522880858247161,0.9091103404678242,-0.660865083997199,0.388319762417461,0.944026345133349,0.380977996927788,0.9081247293973282
ACH-000393,HLF_LIVER,HLF,Liver,Hepatocellular Carcinoma,-1.25793352938438,-0.726909111877249,-0.943237004389367,0.5141347132531541,-0.296605217063188,-1.00452164685875,-1.43880395724846,-1.12250955178081,0.5351921234050588
ACH-000395,NCIH520_LUNG,NCIH520,Lung,Non-Small Cell Lung Cancer,-0.692688115448742,-0.239494196939733,0.370071443775425,0.8219140688402234,-0.852584312656984,-0.00596511768601384,-0.0372630800500368,-0.400590800584344,0.8204288930922158
ACH-000396,J82_URINARY_TRACT,J82,Bladder/Urinary Tract,Bladder Urothelial Carcinoma,-0.207675987773884,-0.1097855505931,-0.23677007209425,0.8804333229428579,-0.135637673587405,-0.195245620787755,-0.61398270952607,-0.120888640391576,0.8391757679813872
ACH-000397,TEN_ENDOMETRIUM,TEN,Uterus,Endometrial Carcinoma,-0.0477087845622957,-2.09820430070615,-0.642480209294224,0.6138770187087581,-0.621444840293093,-0.104447059785423,-0.95106018987735,-0.719303685498108,0.6762059324006069
ACH-000401,COLO800_SKIN,COLO800,Skin,Melanoma,-0.567952018702513,0.266940482311866,-0.435467737473105,0.8046758928490398,-0.802337597905308,-0.163696192449928,0.109517826090117,-0.984350479959836,0.7429018734580397
ACH-000403,NCIH747_LARGE_INTESTINE,NCIH747,Bowel,Colorectal Adenocarcinoma,-0.323763185406159,-0.487623418142779,-0.692469351091925,0.7103252852825112,-0.393954683146716,-0.717646102216875,-0.675233253595608,-0.712563874742671,0.6513987620027479
ACH-000404,K029AX_SKIN,K029AX,Skin,Melanoma,-1.27524160326232,-2.512939224324,-0.364322511240517,0.45506262162839145,0.182871137044043,-1.49898955224855,-0.452924178309648,-1.29695923363125,0.6228361945196877
ACH-000407,SNU685_ENDOMETRIUM,SNU685,Uterus,Endometrial Carcinoma,-0.413497511555382,0.488886026358926,0.215187883900718,0.9169336686825367,0.271072884292409,0.0877644842091962,0.253377442108745,0.0187699276046898,1
ACH-000408,TE5_OESOPHAGUS,TE5,Esophagus/Stomach,Esophageal Squamous Cell Carcinoma,0.0441661424274197,0.349552265344474,-0.0349477632885465,0.9920223671032566,-0.512887547520144,-0.303261728336905,0.0526988606556419,-0.105145042699234,0.8602369751283914
ACH-000411,769P_KIDNEY,769P,Kidney,Renal Cell Carcinoma,0.222225598396128,0.348590368256569,-0.0174220094258361,0.9959988685842133,0.106270436495655,-0.155279308192322,-0.343026267829111,0.0148630808197558,0.9215860822965074
ACH-000414,NCIH1944_LUNG,NCIH1944,Lung,Non-Small Cell Lung Cancer,-0.215596419056256,-0.264015037728085,-0.622765507242141,0.7811273348047388,-0.803207254186285,-0.773762724995065,-1.24458968188948,-0.71229137463881,0.5475854160004361
ACH-000415,BICR6_UPPER_AERODIGESTIVE_TRACT,BICR6,Head and Neck,Head and Neck Squamous Cell Carcinoma,-0.146275537561722,-0.234249613962825,-0.141980409553311,0.8866604802642565,-0.311702780595531,-0.474937637159077,0.0147780637779423,-0.288677325170696,0.8359601030740367
ACH-000416,NCIH838_LUNG,NCIH838,Lung,Non-Small Cell Lung Cancer,-0.342551851321083,-0.328603554269062,-0.220873981286662,0.8143324940918367,-0.0813302551100792,-0.402301423820608,-0.31761706244232,-1.06761551559293,0.7453342613081284
ACH-000417,PANC0813_PANCREAS,PANC0813,Pancreas,Pancreatic Adenocarcinoma,-0.142960241517954,-0.468601270044153,-0.448540011389668,0.7870359608268793,-0.0420085919488494,-0.387142427201145,-0.265493184497413,-0.273432484415113,0.848801853782677
ACH-000418,SW1353_BONE,SW1353,Bone,Chondrosarcoma,-0.0253035483468239,-0.148359991736716,0.04933403739222,0.9616297960840895,0.399351922178348,0.0409231841295305,0.031741616219489,0.988471324787532,1
ACH-000420,SNU449_LIVER,SNU449,Liver,Hepatocellular Carcinoma,0.377547900022067,0.433649788472371,0.263302571371302,1,-0.859803246535406,-0.0955073885009205,-0.147181786060696,-0.186643844131473,0.8171576989286371
ACH-000421,SW837_LARGE_INTESTINE,SW837,Bowel,Colorectal Adenocarcinoma,-0.5112145154849,-1.18133021176507,-0.741046237012653,0.5802938601829903,-0.77475933358062,-0.419053430266713,-0.735614633732565,-0.78830737431781,0.627996608935388
ACH-000423,SKMEL3_SKIN,SKMEL3,Skin,Melanoma,-0.730782866283917,-1.14843189871419,-0.0234790475899809,0.6791831375959511,-0.590029414789241,-0.654210912639003,-1.58748465000039,-0.833529350689499,0.5484145457260426
ACH-000425,UACC62_SKIN,UACC62,Skin,Melanoma,0.0584452649862461,-0.386322183508522,0.246426278410135,0.9216925027569801,-4.92901478326892,-0.738536779875655,0.377736198049668,0.546350830320931,0.6580432433880374
ACH-000427,NCIN87_STOMACH,NCIN87,Esophagus/Stomach,Esophagogastric Adenocarcinoma,-0.271134178493375,-1.13767628278011,-1.09643754057371,0.583609583303301,0.00218875161301453,-0.724069391355564,-0.528573829777945,-1.23447475544845,0.68090607966675
ACH-000428,UO31_KIDNEY,UO31,Kidney,Renal Cell Carcinoma,0.312860422966919,0.291311089749281,0.420301935626261,1,0.0185989587660185,-0.246724226141635,-0.152331159511024,0.360838572266604,0.9356508208559993
ACH-000429,A704_KIDNEY,A704,Kidney,Renal Cell Carcinoma,-0.589337399570806,-0.751808197407677,-0.563697739164391,0.6450242416333769,-1.02389854130215,-0.702863827673788,-1.37670772353408,-0.815541445498221,0.5148572234709605
ACH-000433,CAKI1_KIDNEY,CAKI1,Kidney,Renal Cell Carcinoma,0.364752013238163,-0.0851485382291834,-0.0213344817522076,0.976002780518559,-0.166999564875187,-0.238625891857285,-0.0118983638084053,-0.659940308571444,0.8407341093694578
ACH-000434,NCIH1915_LUNG,NCIH1915,Lung,Non-Small Cell Lung Cancer,-0.340592543361329,-0.672324870975463,-0.554040008434024,0.699440566650496,-0.62538065825263,-0.344520895819843,-1.06526340253467,-0.64470188550936,0.6383321342910546
ACH-000437,SW1088_CENTRAL_NERVOUS_SYSTEM,SW1088,CNS/Brain,Diffuse Glioma,-0.204933802110864,-0.253364381629653,0.116800777190158,0.9021720715788759,-0.241256568619021,-1.08036405098637,-0.667279179537046,-0.591725124763861,0.6530399278626697
ACH-000441,SH4_SKIN,SH4,Skin,Melanoma,0.0899130051510542,0.0490972777007708,-0.0736367815011419,0.9834131962554027,-0.204013545533999,-0.273280063118182,-0.347182185608077,-0.042576325203029,0.8631514554325436
ACH-000444,LU99_LUNG,LU99,Lung,Non-Small Cell Lung Cancer,-0.770724358569762,-0.449112904811206,-0.722780077379973,0.6415149721534333,-0.458947218154315,-0.563157627970305,-0.608699958071264,-0.684653990357266,0.6705696368570734
ACH-000445,KNS60_CENTRAL_NERVOUS_SYSTEM,KNS60,CNS/Brain,Diffuse Glioma,-0.457574601203268,0.466251004427737,-0.0704267644341652,0.8935219016400883,-0.22454287043373,-0.353782522081545,-0.162291112353534,-0.192040678558448,0.8518418455180966
ACH-000447,NCIH2228_LUNG,NCIH2228,Lung,Non-Small Cell Lung Cancer,0.140790980415643,0.202819296176957,0.161925966448991,1,-0.163555065540224,-0.135040986222237,-0.331831378296433,-0.516288004561627,0.824290488432045
ACH-000449,MESSA_SOFT_TISSUE,MESSA,Uterus,Uterine Sarcoma/Mesenchymal,-0.214711454043281,0.785774804416507,0.494965314191157,0.9539061634421265,-0.541191787706579,0.0497297163465606,0.26361532846045,0.144829449451388,0.9218007467339443
ACH-000450,MELHO_SKIN,MELHO,Skin,Melanoma,0.0706234502141422,0.319088299441181,0.223696627925979,1,-0.0445897048283188,-0.170624584520731,-0.458015985962362,-0.00409190435912921,0.8957944775875237
ACH-000452,TE8_OESOPHAGUS,TE8,Esophagus/Stomach,Esophageal Squamous Cell Carcinoma,0.455502937935582,1.07645772785965,0.456355774563875,1,0.299675645177394,0.663577516109025,0.351088172993795,0.233065673389071,1
ACH-000454,HCC95_LUNG,HCC95,Lung,Non-Small Cell Lung Cancer,-2.85744877916336,-3.180241995757,-3.62340385217594,0.10981449692543353,-0.939358774310698,-1.68108502662266,-2.84852279930294,-4.26037879917988,0.2560825443483049
ACH-000456,BCPAP_THYROID,BCPAP,Thyroid,Poorly Differentiated Thyroid Cancer,-0.238167626720564,-0.00377021760587405,0.0358446666969123,0.9484038488595106,-0.10064398635092,-0.621482563879305,-0.337218249003249,-0.470432876319346,0.773983333839056
ACH-000457,CAL54_KIDNEY,CAL54,Kidney,Renal Cell Carcinoma,-0.166230795626288,-0.8028405614484,-0.713452816974469,0.6914153891317293,0.179668913447998,0.433350589819864,-0.457775786224344,-0.411179832632622,0.870029013731443
ACH-000458,CJM_SKIN,CJM,Skin,Melanoma,-0.102073834767751,0.679337509432316,0.677982474842133,0.9772309151922781,-0.0867568426836759,0.385045013794702,0.767704091536236,0.0745229758196846,0.9854092895700115
ACH-000461,SNU1196_BILIARY_TRACT,SNU1196,Biliary Tract,Intraductal Papillary Neoplasm of the Bile Duct,0.123334358712549,0.0378244323387287,-0.0594860828737402,0.9865352964858739,-2.3486245336478,-1.1785877647616,-1.68807145513813,-0.190616503912337,0.4561723917714962
ACH-000463,NCIH460_LUNG,NCIH460,Lung,Non-Small Cell Lung Cancer,0.151212820971796,0.170511987292558,0.474085214960623,1,-0.223543486924019,-0.425050027510174,-0.572476757841206,0.140330792104336,0.8184333747720555
ACH-000467,HCC56_LARGE_INTESTINE,HCC56,Bowel,Colorectal Adenocarcinoma,0.716396066057233,0.0608083331421859,0.093819947806238,1,0.521978074083549,0.0118438223224392,-0.808843954929275,0.364239324183753,0.8927097733592557
ACH-000468,PK45H_PANCREAS,PK45H,Pancreas,Pancreatic Adenocarcinoma,-0.881196733657032,-0.823880564985752,-0.626277109576484,0.5852277649640475,-0.623731890614752,-0.942690451612149,-0.724047984606059,-0.452823399062532,0.6263149385718377
ACH-000469,YH13_CENTRAL_NERVOUS_SYSTEM,YH13,CNS/Brain,Diffuse Glioma,0.342707260983857,-0.444702819509614,-0.196098377620594,0.8692145714900391,-0.299717447578718,-0.203514439712178,-0.344163270345712,-1.43523023466218,0.7095991357236777
ACH-000471,LI7_LIVER,LI7,Liver,Hepatocellular Carcinoma,-0.688814070348663,-0.544880138570524,-0.596663602355529,0.6556978066590349,-0.503960984125712,-0.550818099050986,-0.602496241209098,-0.734154649296865,0.6618961366567397
ACH-000472,HSC2_UPPER_AERODIGESTIVE_TRACT,HSC2,Head and Neck,Head and Neck Squamous Cell Carcinoma,-0.508930573039953,0.224311478226981,0.484594920381155,0.9009143891568366,-0.668888383353913,0.00563909015153422,0.321075556327175,0.520931567319728,0.9072477867612373
ACH-000473,RT112_URINARY_TRACT,RT112,Bladder/Urinary Tract,Bladder Urothelial Carcinoma,-0.553298288924452,-0.610359369108658,-0.111624156242252,0.754013140781588,-0.2359402150715,-0.667393324831838,-0.89642845665652,-0.407719507112641,0.6924509392755649
ACH-000476,JHH4_LIVER,JHH4,Liver,Hepatocellular Carcinoma,-0.721744565280462,-0.417980853455088,-0.946852661200713,0.6245327103898469,-0.521003587242509,-0.61788856178736,-1.22705961887804,-1.49921637016185,0.5323608730184619
ACH-000477,MALME3M_SKIN,MALME3M,Skin,Melanoma,0.136920858950238,-0.295675903259261,-0.253870384459473,0.8844446957016773,-0.277862610900008,-0.83799888193288,-0.714802480046598,-0.732582933367788,0.6488362723194017
ACH-000479,KNS81_CENTRAL_NERVOUS_SYSTEM,KNS81,CNS/Brain,Diffuse Glioma,0.197109574472076,-0.349904886941575,-0.0110830547697144,0.9256610231918978,0.159880908522244,-0.645597456457002,0.0144962279204728,-0.105078585201252,0.8922455779587071
ACH-000480,HUH7_LIVER,HUH7,Liver,Hepatocellular Carcinoma,0.70422953621058,-0.0838951917308861,0.623951952135439,0.9811689306227946,-0.795715261957203,-1.5848598949463,0.194858153679513,-0.0580618896530055,0.7174920503822159
ACH-000481,NCIH2170_LUNG,NCIH2170,Lung,Non-Small Cell Lung Cancer,-0.330671666699794,-0.616816160014323,-0.305084404477057,0.7522231726551942,-0.344793573184437,-0.974799292437235,-0.97783131011807,-0.511190222702996,0.6264042555160754
ACH-000482,RERFLCKJ_LUNG,RERFLCKJ,Lung,Non-Small Cell Lung Cancer,-0.044539397702438,-0.362085645674261,-0.78077028402427,0.7765647508399653,-0.347506540639523,-0.242420854888536,-0.349057420123148,-0.106745486597365,0.8362611234506172
ACH-000484,VMRCRCW_KIDNEY,VMRCRCW,Kidney,Renal Cell Carcinoma,-0.46642250620217,-1.61794560157724,-1.10144295194209,0.5052020991906945,-0.762931499153736,-0.0600772037800836,-1.14098824510369,-0.540787613899331,0.6723387162677709
ACH-000486,KU1919_URINARY_TRACT,KU1919,Bladder/Urinary Tract,Bladder Urothelial Carcinoma,-0.134894406239221,0.242374254768348,0.174763188655827,0.9702454965979197,-0.669400249774402,-0.165570462618796,0.146378206844095,0.129147989054227,0.8800859822415007
ACH-000488,TE11_OESOPHAGUS,TE11,Esophagus/Stomach,Esophageal Squamous Cell Carcinoma,-0.621025890440021,-0.554797234758591,-0.79105167265445,0.6362945956340109,-0.368644277885968,-0.589160144220122,-0.77119583286202,-0.559738649735898,0.6758990974528021
ACH-000493,SNU423_LIVER,SNU423,Liver,Hepatocellular Carcinoma,0.690201142100685,0.802606326550682,-0.116994634376131,0.9740355157915158,-0.195930866825155,0.348637140552974,0.919425206693672,1.03372026658681,0.9682523560690484
ACH-000495,TUHR4TKB_KIDNEY,TUHR4TKB,Kidney,Renal Cell Carcinoma,-1.59223058625586,-1.24495730983361,-0.633820750975549,0.4660153457930761,-1.13472380384752,-1.16259146324856,-1.26940765283833,-1.52348574164521,0.41620150625077373
ACH-000496,NCIH1792_LUNG,NCIH1792,Lung,Non-Small Cell Lung Cancer,-0.576607260244854,-0.841749924867393,-0.141507184295284,0.7116922480042556,-1.01977535609928,-1.23069025196072,-0.383319642652541,-0.813714635056095,0.5637233121580043
ACH-000500,SNU46_UPPER_AERODIGESTIVE_TRACT,SNU46,Head and Neck,Head and Neck Squamous Cell Carcinoma,-0.104429830345997,-0.429866273034381,-0.992136621242717,0.7250785850873926,-0.541699577394904,-0.613333850569611,-1.07500894130182,-0.850049454564101,0.5925198448064445
ACH-000502,TCCPAN2_PANCREAS,TCCPAN2,Pancreas,Pancreatic Adenocarcinoma,0.252910331458098,0.568557580392757,0.406603637863546,1,0.275170026224376,0.0987564027432018,0.111640911766512,0.13308341426705,1
ACH-000503,BICR16_UPPER_AERODIGESTIVE_TRACT,BICR16,Head and Neck,Head and Neck Squamous Cell Carcinoma,-0.526687177596035,-1.6614221096849,-0.638018050913675,0.5509564543972588,-0.165815298551651,0.0309509765416429,0.0925075383516343,-0.211181566132999,0.9388135198330014
ACH-000504,SNB75_CENTRAL_NERVOUS_SYSTEM,SNB75,CNS/Brain,Diffuse Glioma,0.131594321672664,-0.997579835494786,0.232391080781941,0.8336131563406989,-0.0041511567572027,0.0260544765404474,-0.518920229438281,-0.0764886518397821,0.910845946355979
ACH-000505,RKN_SOFT_TISSUE,RKN,Soft Tissue,Leiomyosarcoma,-0.00195428053203008,-0.0335361190782574,0.203481958483263,0.9918896470479238,-0.167691328761198,-0.920136867543969,-0.537010693778257,-0.121342388509013,0.7568135949782271
ACH-000510,NCIH1299_LUNG,NCIH1299,Lung,Non-Small Cell Lung Cancer,-0.519923910429774,-0.214410271289628,-0.114044363116034,0.8277670594466302,0.0358806622811301,-0.413927727749796,-0.215715303096457,-0.452938052770304,0.8355624519563087
ACH-000511,CALU1_LUNG,CALU1,Lung,Non-Small Cell Lung Cancer,-0.508538603677888,-0.419103426838668,-0.312651957470646,0.7519945797834815,-0.244019059541019,-0.564919882693296,-0.41857222258037,-0.45920219655377,0.7489839409747638
ACH-000516,CAL78_BONE,CAL78,Bone,Chondrosarcoma,0.338325784275241,0.0891061099364076,0.153912821473822,1,0.549872564245988,0.238282136222764,0.319298901141662,-0.353309914729466,0.9456965307006071
ACH-000517,SNU410_PANCREAS,SNU410,Pancreas,Pancreatic Adenocarcinoma,0.282144234674858,0.545810264863573,0.406319009111187,1,-0.232070032275839,-0.517943086110489,-0.0297128263607619,-0.369957023252824,0.8258000036439732
ACH-000521,NCIH2030_LUNG,NCIH2030,Lung,Non-Small Cell Lung Cancer,0.476809607553226,-0.11658713215184,0.178867469454194,0.9741223471573279,0.744504667054798,0.536008317605629,0.42240100606483,-0.467168189412592,0.9308457765011157
ACH-000524,KURAMOCHI_OVARY,KURAMOCHI,Ovary/Fallopian Tube,Ovarian Epithelial Tumor,0.150288184215637,0.271260128556975,-0.535162679501892,0.8966936194050164,0.230399555791984,-0.147798075300736,-0.00602253952554834,-0.169901686252073,0.9468411256389447
ACH-000527,OVISE_OVARY,OVISE,Ovary/Fallopian Tube,Ovarian Epithelial Tumor,-2.79203001922037,-4.37051947523988,-6.47470891312555,0.06799021710866181,-2.40144577951863,-2.62879285973069,-2.99076632037484,-4.45907067981417,0.1305556616875722
ACH-000528,ABC1_LUNG,ABC1,Lung,Non-Small Cell Lung Cancer,-0.499083989372711,-0.241643917641578,-0.821646193366194,0.7063776241993324,-1.06937322152374,-1.0773270853144,-1.18204047250443,-1.02497178777067,0.47064490793740477
ACH-000532,SNU61_LARGE_INTESTINE,SNU61,Bowel,Colorectal Adenocarcinoma,-0.640702031757992,-0.712824353649111,-0.203728044705877,0.70660972810598,-0.577703281045519,-0.503113303397621,-0.014973573720783,-0.751850511996338,0.7397820610895374
ACH-000535,BXPC3_PANCREAS,BXPC3,Pancreas,Pancreatic Adenocarcinoma,-0.0625319620721905,-0.604047369168768,-0.0883644934341806,0.8520253888282813,-0.56695664166793,-0.614937327194226,-0.956145424858722,-0.607305542033204,0.6249628165592516
ACH-000537,SNU761_LIVER,SNU761,Liver,Hepatocellular Carcinoma,0.0211693328609262,0.306284691541306,-0.391174136009575,0.9208362616088317,-0.195694719488336,-0.135828815878127,-0.122668327066175,-0.34086515473015,0.8728385312734785
ACH-000542,HEYA8_OVARY,HEYA8,Ovary/Fallopian Tube,Ovarian Epithelial Tumor,0.0888627268959095,0.228149581187805,-0.00661331257816572,0.9984754971733226,-0.494480513066984,-0.422850124167491,0.159981341229265,0.0936447025980469,0.8639416816886076
ACH-000544,OE21_OESOPHAGUS,OE21,Esophagus/Stomach,Esophageal Squamous Cell Carcinoma,0.158996610801762,0.117040817941496,-0.133288737117481,0.9705835573078333,-0.336399548102156,-0.445395721633884,-0.354047704958999,0.289787391511282,0.8271960496288058
ACH-000545,VMCUB1_URINARY_TRACT,VMCUB1,Bladder/Urinary Tract,Bladder Urothelial Carcinoma,0.546708338500142,0.690173270360604,0.577370523517023,1,0.282509164619302,0.580560797073293,0.0264144469293216,0.571780516093184,1
ACH-000549,SNU1076_UPPER_AERODIGESTIVE_TRACT,SNU1076,Head and Neck,Head and Neck Squamous Cell Carcinoma,0.49079864756359,0.40626476920571303,-0.0613366419050984,0.9861252609022209,0.0934731698453685,0.245299432682936,0.367366716195726,-0.0312921082145694,0.9946358751839018
ACH-000552,HT29_LARGE_INTESTINE,HT29,Bowel,Colorectal Adenocarcinoma,0.419541948143359,0.501175381285721,0.688687132682623,1,0.220589261243312,-0.0364883720972872,0.210706654632238,0.68547264406235,0.9937563365444331
ACH-000553,SQ1_LUNG,SQ1,Lung,Non-Small Cell Lung Cancer,0.479338189353364,0.596781348089185,0.387148191703359,1,0.631398792110729,0.150476240918283,-0.300241217058781,0.286472479930394,0.9530291499955521
ACH-000558,A172_CENTRAL_NERVOUS_SYSTEM,A172,CNS/Brain,Diffuse Glioma,-0.0349968951473462,0.22285328380403,0.0765736719823649,0.9920112871052748,-0.537528828613603,-0.0401893631040502,0.232902764722179,-0.109411779344978,0.8971108026352941
ACH-000561,TT_OESOPHAGUS,TDOTT,Esophagus/Stomach,Esophageal Squamous Cell Carcinoma,-0.0975019494763793,1.00775004188495,0.613532194898373,0.9782166510720772,-0.40729389645176,0.0340898934397837,0.698328527270213,0.162818657915666,0.9385091038253289
ACH-000562,HCC78_LUNG,HCC78,Lung,Non-Small Cell Lung Cancer,-1.8987183713475,-1.80809454650879,-2.63466733297933,0.2382572254809861,-0.217363299084493,-0.680857153742194,-1.1726281751567,-1.87416377108409,0.5500820056306016
ACH-000563,EBC1_LUNG,EBC1,Lung,Non-Small Cell Lung Cancer,0.0761018844749919,0.311691017323664,0.369598006450241,1,-0.322759275192707,-0.226255316744403,0.37062692931665,0.506305384212341,0.9135975270704506
ACH-000565,RCM1_LARGE_INTESTINE,RCM1,Bowel,Colorectal Adenocarcinoma,-0.544537947754991,0.0897547050029457,-0.457880988233994,0.8045552597677749,-0.950733485250238,-0.513735163514513,-0.163231848035125,-0.293152996204068,0.7317287253840277
ACH-000566,SW1710_URINARY_TRACT,SW1710,Bladder/Urinary Tract,Bladder Urothelial Carcinoma,0.364907272702817,0.83260097352006,0.532161319347448,1,0.98491504822299,0.929837843058678,0.925123909154846,0.0573998996528834,1
ACH-000569,ISTMES1_PLEURA,ISTMES1,Pleura,Pleural Mesothelioma,-0.19285901622659,0.605660194367339,-0.275058843964835,0.9004289550724723,0.177030587203327,0.626994985130238,0.207132819393612,0.28385296235994,1
ACH-000570,YKG1_CENTRAL_NERVOUS_SYSTEM,YKG1,CNS/Brain,Diffuse Glioma,-0.796343199402328,-1.22556142301101,-1.07432415980841,0.4927771237623264,-0.747606551797166,-1.07193666066478,-0.84205342739186,-1.41399534011365,0.5010977101829011
ACH-000571,T98G_CENTRAL_NERVOUS_SYSTEM,T98G,CNS/Brain,Diffuse Glioma,-0.849945863553026,-0.503018652827112,-0.193336213684889,0.7116717589556024,-0.0231215506220373,-0.537690346525061,-0.206498345854788,-0.482747981695824,0.8138063443900974
ACH-000572,G361_SKIN,G361,Skin,Melanoma,-0.282848871925377,0.339247077512552,-0.256160620307526,0.8864265161108009,-0.81516946897724,-1.3664438902841,-0.42958342703955,-0.773122054467424,0.5709534381879011
ACH-000573,MDAMB436_BREAST,MDAMB436,Breast,Invasive Breast Carcinoma,-0.598533270365248,-0.183462336486124,-0.665667743505443,0.7238030107746597,-0.440530787726773,-0.15263904289386,-0.439861815256529,0.241389042408945,0.8434180086035254
ACH-000579,UACC257_SKIN,UACC257,Skin,Melanoma,0.289359199992008,0.222262875286575,0.2852429996275,1,-0.311712992651623,0.0440888762701718,0.208371356112198,-0.093947484635637,0.9356600272264226
ACH-000582,COLO741_SKIN,COLO741,Skin,Melanoma,-0.655355456193617,-1.06117122406408,-0.863403856082548,0.5546053545327151,-0.703833244114889,-1.14571171924244,-0.936206657041045,-1.53363167994396,0.48347935888710236
ACH-000587,NCIH1975_LUNG,NCIH1975,Lung,Non-Small Cell Lung Cancer,0.0193543479959233,-0.349828257340254,-0.393035199838185,0.8487344306879409,-0.325707698625197,-0.568964105169995,-0.845384998079299,-0.118569705803271,0.7374175422941635
ACH-000589,NCIH1437_LUNG,NCIH1437,Lung,Non-Small Cell Lung Cancer,-1.44013442116465,-2.56219608805019,-2.26544479923503,0.24861204066059805,-0.52308478665842,-1.58718619230905,-2.54585264978894,-2.81889787787827,0.335416891259507
ACH-000592,TM31_CENTRAL_NERVOUS_SYSTEM,TM31,CNS/Brain,Diffuse Glioma,-0.010185263431639,0.0222222014682949,-0.362297652853837,0.9236298788522853,-0.376525808540069,-0.426688473636796,0.407912719757708,-1.05624395956122,0.7487850574674335
ACH-000593,BC3C_URINARY_TRACT,BC3C,Bladder/Urinary Tract,Bladder Urothelial Carcinoma,0.317577399493529,0.338943842759441,0.373001164958079,1,0.205519966175267,0.0163351477128374,-0.0362201506743219,0.142371488986143,0.9938016591855006
ACH-000595,LN229_CENTRAL_NERVOUS_SYSTEM,LN229,CNS/Brain,Diffuse Glioma,-0.534137515946557,-0.102795470760889,-0.66994919600306,0.7501090154132862,-0.280319381280866,-0.546609439407695,-0.603238880449871,-0.41144583436348,0.7295449697804117
ACH-000599,PATU8902_PANCREAS,PATU8902,Pancreas,Pancreatic Adenocarcinoma,-0.0136366451291342,-0.0938079440534282,-0.107526599309322,0.9519388353250322,-0.0192160581669488,-0.289259470252101,-0.299600073365345,-0.487495186593325,0.8327076828983133
ACH-000601,MIAPACA2_PANCREAS,MIAPACA2,Pancreas,Pancreatic Adenocarcinoma,-0.647568852080466,-0.28611707181011,-0.417412249493189,0.7357426543760462,-0.394620528416694,-0.944382259532587,-0.545379565733239,-0.52309363830379,0.6653576442627411
ACH-000603,BEN_LUNG,BEN,Lung,Non-Small Cell Lung Cancer,-0.084288078202984,0.213814463258189,0.0920175148990947,0.9810832944640477,-0.550391336517244,-0.222102669626174,0.00733423556935055,-0.503425817254519,0.8113948964393334
ACH-000605,TE6_OESOPHAGUS,TE6,Esophagus/Stomach,Esophageal Squamous Cell Carcinoma,-0.515949905143746,-0.742018092396727,-0.966031471152477,0.6030490024452498,-0.884810868728161,-0.58894132690032,-1.11508339193419,-0.968336969004479,0.5447871125498459
ACH-000609,SF126_CENTRAL_NERVOUS_SYSTEM,SF126,CNS/Brain,Diffuse Glioma,0.051539111513565,0.295275593151514,-0.188621131065942,0.9591479819100248,-0.436343396160127,-0.364283467740255,-0.0417788495106767,-0.0366542315306152,0.8655573911538217
ACH-000613,HOS_BONE,HOS,Bone,Osteosarcoma,-0.579833772308389,-0.172970335936053,-0.550137642522177,0.7463367900961939,-0.402825926867269,-0.187836202622751,-0.891292008572902,-1.36219810056479,0.6406042442200983
ACH-000614,RVH421_SKIN,RVH421,Skin,Melanoma,0.090726558771532,-0.483611525147326,-0.39646488937556,0.824967541710812,-0.110692205974081,-0.64609008530217,-0.929781429731502,-0.370360905478532,0.7159200464341905
ACH-000618,SNU1041_UPPER_AERODIGESTIVE_TRACT,SNU1041,Head and Neck,Head and Neck Squamous Cell Carcinoma,-0.72272937228133,-0.0791309574242598,-0.76529295454777,0.7136371916467549,-0.40078142568831,-0.663162634720628,-0.325354219612967,-0.0277595299311283,0.7919963116971522
ACH-000619,PECAPJ15_UPPER_AERODIGESTIVE_TRACT,PECAPJ15,Head and Neck,Head and Neck Squamous Cell Carcinoma,-1.00607742784292,-0.729327474196438,-0.477065535894926,0.6065068782107846,-0.115420648241133,-0.325926523667514,-0.856278893947688,-0.994760146635287,0.6937734336926447
ACH-000620,JHH1_LIVER,JHH1,Liver,Hepatocellular Carcinoma,-0.496844882662905,-0.820154236499755,-0.762297838586071,0.6215309494941983,-0.802895271090387,-1.01235750196143,-0.81396108868158,-1.4375633344368,0.5017353728767588
ACH-000622,KNS42_CENTRAL_NERVOUS_SYSTEM,KNS42,CNS/Brain,Diffuse Glioma,0.178311248040135,0.0599502939593624,-1.22628022521979,0.8091393534478748,-0.649149681246274,-0.463701936232411,0.198039096152534,-0.869291597867456,0.7275487070577531
ACH-000624,HCC1806_BREAST,HCC1806,Breast,Breast Ductal Carcinoma In Situ,-0.30548281016439,-0.104113741127425,-0.262011264564475,0.8578240707400354,-0.300353256528709,-0.597159517310968,-0.26572934406306,-0.3019545370747,0.7790096464065888
ACH-000625,HEP3B217_LIVER,HEP3B217,Liver,Hepatocellular Carcinoma,0.0630998370107754,0.0432765086296917,0.0555262566534337,1,-0.769990575468208,-0.466060192765989,-0.598958185417665,-0.442606227618172,0.676598730046089
ACH-000627,LCLC103H_LUNG,LCLC103H,Lung,Non-Small Cell Lung Cancer,-0.493155588455926,-0.829958783418653,-0.483044481635345,0.6628269700461996,-0.303402818150744,-0.938715521309288,-0.694888932468529,-0.755164495279898,0.6355679231289326
ACH-000628,NCIH596_LUNG,NCIH596,Lung,Non-Small Cell Lung Cancer,-0.32904828607955,0.376213717823651,0.315276349071662,0.9320204848885242,0.267275740319466,-0.348410134078561,0.577098211873097,-0.353317327992397,0.8920578238330834
ACH-000630,YD8_UPPER_AERODIGESTIVE_TRACT,YD8,Head and Neck,Head and Neck Squamous Cell Carcinoma,0.0818876408471458,0.480916559882992,-0.0419649883473532,0.9904436892465766,-0.121262905339814,-0.254140661720826,0.284970154073251,0.0186729978001188,0.9394672296310367
ACH-000632,HS944T_SKIN,HS944T,Skin,Melanoma,-0.536050035415015,-0.097275070002047,-0.616972250629559,0.7588304665323937,-0.484317798561065,-0.630349664087601,-0.391648196136765,-0.37020993732978,0.7241957523021239
ACH-000643,HDQP1_BREAST,HDQP1,Breast,Invasive Breast Carcinoma,-0.315717813153104,-0.718768240602633,-0.822800601163179,0.6588035158187647,0.662979679262149,-0.676077359701892,-0.923045482222953,-0.442507686056821,0.7222784094276614
ACH-000647,TE1_OESOPHAGUS,TE1,Esophagus/Stomach,Esophageal Squamous Cell Carcinoma,-0.369204194470916,-0.446431184980024,-0.278089442166019,0.7775826049264819,-1.70653279022175,-0.441589259902752,-0.32765863751015,-0.233042543974447,0.6725964575476172
ACH-000648,NCIH28_PLEURA,NCIH28,Pleura,Pleural Mesothelioma,-0.60008543346551,-0.817989458999555,-0.877270913827594,0.5904476812627587,-0.434505461103896,-0.508292085995777,-0.376028272593397,-0.868776272946853,0.690292190049165
ACH-000649,786O_KIDNEY,786O,Kidney,Renal Cell Carcinoma,-0.609681233595184,-0.475736573774898,-0.268199143456941,0.734932146508196,-0.457666616577875,-0.454279146159872,-0.55898699390329,-0.375493697582573,0.7269144953059159
ACH-000650,IGR37_SKIN,IGR37,Skin,Melanoma,-1.01240572121593,-1.35719022916643,-1.05572439861286,0.4557054422876187,-0.414273238983387,-0.890397012891976,-1.19812005591161,-1.02917854863227,0.5539237421691282
ACH-000651,SW620_LARGE_INTESTINE,SW620,Bowel,Colorectal Adenocarcinoma,-0.0793329794597422,0.037918356680052,0.0388665682165623,0.9821650504573218,-0.0318169841105688,-0.34387821273042,-0.206500275099695,-0.0801605561943429,0.8946743278878603
ACH-000652,SUIT2_PANCREAS,SUIT2,Pancreas,Pancreatic Adenocarcinoma,-0.387206388770363,0.068682441625668,-0.368519233480048,0.846395284772315,-0.446239603977202,-0.414536492275957,-0.657989474588836,-0.00276277210442041,0.7790154051745017
ACH-000657,A2780_OVARY,A2780,Ovary/Fallopian Tube,Ovarian Epithelial Tumor,-0.705863629327426,-0.796457613246504,-0.881418041313356,0.5772233848188824,-0.0871842830960844,-0.328360212057142,-1.09710209719956,-1.14087609077079,0.6646845140639683
ACH-000661,WM1799_SKIN,WM1799,Skin,Melanoma,-0.955366160393111,-2.13527108994796,-1.19998494565838,0.39287173010754034,-1.05395258393438,-1.5721271111046,-0.943503636338028,-2.18013370836714,0.38964570691548167
ACH-000662,CORL23_LUNG,CORL23,Lung,Non-Small Cell Lung Cancer,-0.969336194848569,-0.792322128689328,-0.603871290603235,0.5820469738159123,-0.390634555807963,-1.06091930439704,-0.780944521634823,-0.634064836724924,0.6171161387770268
ACH-000663,OVTOKO_OVARY,OVTOKO,Ovary/Fallopian Tube,Ovarian Epithelial Tumor,-0.905395328435019,-1.56432164201853,-0.928860848003936,0.465765328338466,-0.49993899136591,-0.640826073972203,-1.12616110970629,-1.29098836449625,0.5538216044070675
ACH-000665,SKMES1_LUNG,SKMES1,Lung,Non-Small Cell Lung Cancer,0.741545467974333,0.718924774418179,0.42973084782358,1,-0.526879933474423,0.537720276643067,-0.41724660257148,-0.538402620629307,0.7828598540631518
ACH-000666,NCIH1355_LUNG,NCIH1355,Lung,Non-Small Cell Lung Cancer,-0.230679549783721,0.445658136031757,0.132319076381949,0.9507444571390211,-0.196256086372258,-0.937658115763171,-0.15118577956587,8.4167372512473e-4,0.8238505822829334
ACH-000667,HCC44_LUNG,HCC44,Lung,Non-Small Cell Lung Cancer,0.339182753086656,0.342466970477417,0.581583213321458,1,0.380932554737926,-0.00448087485882166,0.125784533911259,0.36087021248998,0.999224728140196
ACH-000669,SW900_LUNG,SW900,Lung,Non-Small Cell Lung Cancer,0.751342555416599,1.31643321797018,0.7474972203362,1,0.421730842277478,0.708849101882277,0.754304926171371,-0.112793759009393,0.9811988682838344
ACH-000670,SBC5_LUNG,SBC5,Lung,Lung Neuroendocrine Tumor,-0.0405671319945186,-0.11361410958675,0.375264594418734,0.9655141427055345,0.699221319709337,0.4369012593365,0.450821296642124,0.00320661020640364,1
ACH-000671,HUH6_LIVER,HUH6,Liver,Hepatoblastoma,0.450194414076178,0.0215528459523214,-0.0937202693307981,0.9790343761413277,0.0735486527169472,-0.279415992491335,-0.311366606128526,-0.662666056789881,0.8153780840508572
ACH-000672,IALM_LUNG,IALM,Lung,Non-Small Cell Lung Cancer,-0.115325225614544,0.165996201837944,0.203847486547117,0.9743913922793329,0.636341146240534,-0.378747072481831,-0.0168370693789862,0.189810135028005,0.9393756275032125
ACH-000674,NUGC4_STOMACH,NUGC4,Esophagus/Stomach,Esophagogastric Adenocarcinoma,0.40817108529765,0.503739155278288,0.55726731246148,1,0.0284415993082957,0.324175170728909,0.383642687058155,-0.0836813345137137,0.9859116656295225
ACH-000677,SW1573_LUNG,SW1573,Lung,Non-Small Cell Lung Cancer,-0.206189845120055,-0.20829680581193,0.150169228164886,0.9107939886456466,0.259981509430178,0.128336041423332,-0.00377927615233783,-0.168464236037806,0.9717933002054676
ACH-000678,MKN7_STOMACH,MKN7,Esophagus/Stomach,Esophagogastric Adenocarcinoma,-0.0694294838458253,0.129601577240411,-0.294375673967925,0.9228133086563448,-0.177523668949683,0.0235893817892495,-0.503183210859472,-0.145038844952262,0.8735306919005852
ACH-000679,OE19_OESOPHAGUS,OE19,Esophagus/Stomach,Esophageal Squamous Cell Carcinoma,-0.363725009182017,-0.390228673421004,-1.00150791980728,0.6798805700392349,-0.803604673444628,-1.11822877614752,-1.07678254212264,-0.961649201343045,0.5052823755615937
ACH-000680,SW948_LARGE_INTESTINE,SW948,Bowel,Colorectal Adenocarcinoma,-0.541711250150752,0.157197423292995,0.12829802449426,0.8956518648232633,-1.58202293020275,-0.686788809264155,-0.320213720825243,-0.833670952225504,0.5793248004083911
ACH-000681,A549_LUNG,A549,Lung,Non-Small Cell Lung Cancer,-0.266506341778179,0.00175612602325369,-0.431511708608414,0.8576048997745057,-0.047623695401658,-0.285475421074352,-0.556130160149915,0.0228039150303133,0.8670309782255096
ACH-000682,SNU1066_UPPER_AERODIGESTIVE_TRACT,SNU1066,Head and Neck,Head and Neck Squamous Cell Carcinoma,-0.251201310098493,0.00295794364918538,-0.285186192766188,0.8869440655573998,-0.606480008582067,-0.223100161308976,-0.0975105391333487,-0.484672591160501,0.7907058374411281
ACH-000684,KMRC1_KIDNEY,KMRC1,Kidney,Renal Cell Carcinoma,0.444241151241805,-0.120274922299845,0.124478503165695,0.9733374382949601,-0.66051093473749,0.658176241685471,0.223877664626405,0.338373735112071,0.9081635502348404
ACH-000685,L33_PANCREAS,L33,Pancreas,Adenosquamous Carcinoma of the Pancreas,-0.491244153936535,-1.04189662569609,-0.752073219292743,0.5969498571025172,0.271375208401797,-0.316626858937764,-0.390013373710627,-0.813238868567373,0.7837925867572193
ACH-000688,OV7_OVARY,OV7,Ovary/Fallopian Tube,Ovarian Epithelial Tumor,3.06385495912549,1.74737027881261,2.17800712634472,1,2.93708005864756,2.06392284647004,3.21710786734137,2.29062325637431,1
ACH-000693,KYSE180_OESOPHAGUS,KYSE180,Esophagus/Stomach,Esophageal Squamous Cell Carcinoma,0.0110866051210629,0.356262337459019,0.311800574955278,1,-0.491430950244204,-0.00563353931883742,0.45740954864091,0.0250848830972288,0.9268554903833027
ACH-000694,TE9_OESOPHAGUS,TE9,Esophagus/Stomach,Esophageal Squamous Cell Carcinoma,0.256742688024848,0.567309326962088,0.605324562329024,1,0.107022764928282,-0.00758353498190934,0.218691302213942,-0.622971746302789,0.911022325775017
ACH-000696,OVCAR8_OVARY,OVCAR8,Ovary/Fallopian Tube,Ovarian Epithelial Tumor,-0.46972586147781,-0.937843594854913,0.0259653132143803,0.748038116756442,0.167200117528115,-0.146017946175815,-0.789384588902721,-0.334271466663025,0.8188792280800122
ACH-000701,RMUGS_OVARY,RMUGS,Ovary/Fallopian Tube,Ovarian Epithelial Tumor,-0.00542971443183107,0.0274192572878558,-0.387137753451637,0.9202962022366259,-0.355390850257177,0.110966089184589,-0.438488788970379,0.0252828837335171,0.8798912514461632
ACH-000704,OAW42_OVARY,OAW42,Ovary/Fallopian Tube,Ovarian Epithelial Tumor,-1.00899683508407,-0.281977109163822,-0.491145070697444,0.6769383136710027,-0.702444674433023,-1.0040108675906,-0.83671190016475006,-1.20358588453449,0.5268137088888791
ACH-000711,JIMT1_BREAST,JIMT1,Breast,Invasive Breast Carcinoma,-1.17902221734555,-1.77362096798171,-1.48532758485123,0.36376396535719463,-0.884214027989378,-1.53224367074369,-2.01914888431523,-1.84298523864237,0.3532424854700694
ACH-000713,CAOV3_OVARY,CAOV3,Ovary/Fallopian Tube,Ovarian Epithelial Tumor,-0.599638034262505,-0.584176927035493,-1.24671879341331,0.5827849430660669,-0.89914872407624,-3.12618021965097,-0.265134020093347,-0.392073549441505,0.5612224495206378
ACH-000715,SNU1214_UPPER_AERODIGESTIVE_TRACT,SNU1214,Head and Neck,Head and Neck Squamous Cell Carcinoma,-0.170617920617109,-0.51817103975464,-0.175153626210681,0.8241305814063044,-0.381489592253172,-1.07475165721229,-0.515886424475771,-0.74467257406949094,0.6346409397906102
ACH-000716,TT2609C02_THYROID,TT2609C02,Thyroid,Well-Differentiated Thyroid Cancer,0.289738125632984,0.892427968632479,0.717904665613004,1,-0.172297527050581,0.345148822496239,0.852781826415622,0.56199572625486,0.9718570760063403
ACH-000717,COLO680N_OESOPHAGUS,COLO680N,Esophagus/Stomach,Esophageal Squamous Cell Carcinoma,0.280960851944803,0.189173337562342,0.460506570044143,1,0.5903672375287,-0.0543369411841293,0.158244882820099,0.323245461444927,0.9907592376588984
ACH-000719,RMGI_OVARY,RMGI,Ovary/Fallopian Tube,Ovarian Epithelial Tumor,-3.54247509136572,-3.22311288965476,-4.05334824823583,0.08438147798888167,-0.966560175048763,-0.926403786641349,-1.92352583768311,-3.52257390570957,0.3471296460707342
ACH-000720,TCCSUP_URINARY_TRACT,TCCSUP,Bladder/Urinary Tract,Bladder Urothelial Carcinoma,0.5613853248788,0.811926230299041,0.663504590455889,1,0.340025155177753,0.543991347046256,1.02250449337397,0.374308575064392,1
ACH-000721,HMC18_BREAST,HMC18,Breast,Invasive Breast Carcinoma,0.235006959305606,0.429768605559561,0.086097107950674,1,0.227305952804933,0.144683841269707,-0.31909349188871,0.348871533994954,0.9503933457110159
ACH-000723,YD10B_UPPER_AERODIGESTIVE_TRACT,YD10B,Head and Neck,Head and Neck Squamous Cell Carcinoma,0.231736933167246,0.392366852687679,0.348002368357684,1,0.254714039217543,-0.0259520359131217,0.106773070548221,-0.27653244780697,0.9519362917682166
ACH-000724,HT1376_URINARY_TRACT,HT1376,Bladder/Urinary Tract,Bladder Urothelial Carcinoma,0.629361268441447,0.540923201331194,0.631237940157459,1,0.526485302901599,0.012831027760116,0.106398717823789,0.0740461000202172,1
ACH-000726,TE14_OESOPHAGUS,TE14,Esophagus/Stomach,Esophageal Squamous Cell Carcinoma,-0.21311004383592,-0.893015873517815,-1.05644216292182,0.6273263818656591,-0.428435840656651,-0.291510911197189,0.0273008901766077,-0.449962275514682,0.82304372448969
ACH-000730,SKMEL5_SKIN,SKMEL5,Skin,Melanoma,-0.961434432345036,-0.472015874922652,-0.229104795360767,0.6958888934323437,-0.667520385965738,-0.806700256245838,-0.240669354324827,-0.461594292323211,0.6934529146784655
ACH-000732,PECAPJ41CLONED2_UPPER_AERODIGESTIVE_TRACT,PECAPJ41CLONED2,Head and Neck,Head and Neck Squamous Cell Carcinoma,-0.250414039638222,0.122492893917434,-0.232943910461735,0.8971839769880806,-0.169157440100671,-0.620782531056334,-0.294804466464532,-0.229692943066154,0.8019198045340632
ACH-000733,NCIH1838_LUNG,NCIH1838,Lung,Non-Small Cell Lung Cancer,-0.338571670674035,-0.335340437774353,-0.0536039010408811,0.8489824516142046,0.152330007198813,-0.42635520342679,-0.641925886690773,-0.385525639829288,0.7876240789424863
ACH-000734,JHH5_LIVER,JHH5,Liver,Hepatocellular Carcinoma,0.325649979844498,0.222601685982762,-0.023887900673007,0.9945261654722959,0.193391800668378,0.0252423459893375,0.0578047128247013,-0.549501424310126,0.9208140528976113
ACH-000735,PECAPJ49_UPPER_AERODIGESTIVE_TRACT,PECAPJ49,Head and Neck,Head and Neck Squamous Cell Carcinoma,-0.00390400232145287,0.174643204953119,0.0244340148528733,0.9990992032820197,-0.269948501616691,-0.284940650702684,-0.320622581262188,-0.233137126818704,0.8254079100923407
ACH-000736,SNU601_STOMACH,SNU601,Esophagus/Stomach,Esophagogastric Adenocarcinoma,-0.128969224771868,-0.719239318856733,-0.677897439924405,0.7156592699781257,-0.341646226356516,-0.946037839564991,-0.864082055546487,-0.833946781992481,0.6046461607183617
ACH-000738,GB1_CENTRAL_NERVOUS_SYSTEM,GB1,CNS/Brain,Diffuse Glioma,0.356120842766433,0.451647795365518,0.301317112053695,1,-0.196419088071664,0.0403027010003044,0.148338457892556,-0.0926593671568899,0.9526266327840361
ACH-000741,UBLC1_URINARY_TRACT,UBLC1,Bladder/Urinary Tract,Bladder Urothelial Carcinoma,0.00896902012152304,0.332472075153614,-1.36168488120088,0.7963758578943855,-0.670663302621568,-0.217463802662679,-1.24426898358276,-1.26539194569489,0.5816004864043965
ACH-000744,NCIH1623_LUNG,NCIH1623,Lung,Non-Small Cell Lung Cancer,-0.944582989516377,-0.677305529736168,-1.43629184324264,0.5048092200278153,-0.61078821552869,-1.96388759366651,-0.802435226583337,-1.84206232711177,0.4408697263792639
ACH-000747,NCIH1703_LUNG,NCIH1703,Lung,Non-Small Cell Lung Cancer,-0.801277123265502,-1.45708383668032,-1.21235390213713,0.45654449397117075,-0.481396153595898,-1.32428791023859,-1.78023918362613,-1.61703266093225,0.4331926989145375
ACH-000748,SJSA1_BONE,SJSA1,Bone,Osteosarcoma,-0.430707869935711,-0.0305392567073799,-0.174696614998967,0.868968586391579,-0.185621892520818,-0.682488970672108,-0.156657073990748,-0.50914315553768,0.7755250877131475
ACH-000749,DMS273_LUNG,DMS273,Lung,Lung Neuroendocrine Tumor,-0.704223373460579,-0.120963208106841,-0.460701593224589,0.7533263688574673,-0.641725626190862,-0.409015359029397,-0.7957999925237,-0.676075210362107,0.6489930838047585
ACH-000750,LOXIMVI_SKIN,LOXIMVI,Skin,Melanoma,0.190311755865329,0.866203790791384,0.466699065482998,1,-0.572547533832452,-0.163348601301112,0.467624077220888,0.164191916842486,0.8913446039384263
ACH-000753,JMSU1_URINARY_TRACT,JMSU1,Bladder/Urinary Tract,Bladder Urothelial Carcinoma,-0.427464884481573,-0.351581161258567,-0.219333720298352,0.7954179873572079,-0.247495975329517,-0.343369447315896,-0.701817440187656,-0.509993060555815,0.7368946343615468
ACH-000756,GI1_CENTRAL_NERVOUS_SYSTEM,GI1,CNS/Brain,Diffuse Glioma,-0.0530911290578615,0.0278003584841414,-0.0198347573110848,0.9834048646044687,0.158517812825952,-0.217814028613848,-0.126439011467814,-0.223968411604906,0.9080410471566489
ACH-000758,MKN74_STOMACH,MKN74,Esophagus/Stomach,Esophagogastric Adenocarcinoma,-0.11274243528178,-0.353412064588059,-0.486399298368467,0.8071211579835398,-0.887778893368229,-1.07898740884031,-0.871360071390439,-0.616716853509969,0.5531477750416716
ACH-000759,MDAMB175VII_BREAST,MDAMB175VII,Breast,Invasive Breast Carcinoma,-0.246642746565926,0.107510723357704,0.193099905321188,0.9476185064367045,0.0119566508205344,-1.62274507120257,0.176547739273314,-0.74023365601119,0.7308398534183802
ACH-000762,YD38_UPPER_AERODIGESTIVE_TRACT,YD38,Head and Neck,Head and Neck Squamous Cell Carcinoma,-0.0382364721247991,0.371506096901396,0.574869775567811,0.9912815441999899,-0.7246820939517,0.108487390204361,0.285367868865636,0.155326979318214,0.9012825934587096
ACH-000764,SH10TC_STOMACH,SH10TC,Esophagus/Stomach,Esophagogastric Adenocarcinoma,0.572102256625308,0.40967581842671,-0.229332418686009,0.951009841534774,0.157327966554843,-0.511760705910082,-0.555559633380043,-0.402175482963481,0.7846188431713769
ACH-000765,WM983B_SKIN,WM983B,Skin,Melanoma,-0.602982427248288,-0.65157281849397,-1.28550405708661,0.5684016216231712,-0.220828046928724,-0.533613028944941,-0.874833944494604,-0.901032315299195,0.6574288349543871
ACH-000766,NCIH1648_LUNG,NCIH1648,Lung,Non-Small Cell Lung Cancer,-0.201288326720542,-0.0903058350149163,-0.21273353745317,0.8906659388043057,-0.353900607396558,-0.261024215571675,-0.348312502751475,-0.0695614736270643,0.838847730058582
ACH-000768,MDAMB231_BREAST,MDAMB231,Breast,Invasive Breast Carcinoma,0.134328173380498,-0.00406324927013764,0.111384807990583,0.9990625108806674,0.0201847527161154,-0.226329063736557,0.0580803389879051,0.282744876864875,0.963701795756293
ACH-000769,LK2_LUNG,LK2,Lung,Non-Small Cell Lung Cancer,0.0285920502234321,0.585143911454129,0.296755795068482,1,-0.708374577083614,-0.254099812010521,0.745203850827076,0.543535267069471,0.8626298614718202
ACH-000771,BICR56_UPPER_AERODIGESTIVE_TRACT,BICR56,Head and Neck,Head and Neck Squamous Cell Carcinoma,0.0121179089319194,-0.240057156382046,-0.20112490534844,0.9055279349009756,-0.39588262273245,-0.26744950928127,0.0169276453108408,-0.103261929649002,0.8804342546168736
ACH-000774,RERFLCAD2_LUNG,RERFLCAD2,Lung,Non-Small Cell Lung Cancer,-1.10120094630804,-1.00295842743291,-0.924028217158041,0.49737981834053013,-0.17174892289256,-1.45677034528303,-1.11571676953108,-1.40125412455887,0.5230338267223246
ACH-000775,NCIH727_LUNG,NCIH727,Lung,Lung Neuroendocrine Tumor,-0.208379222556951,-0.814991521860311,-1.05062709377494,0.6388930455147326,-0.759361391054166,-0.978549487720016,-0.446361164037893,-0.796750772981654,0.6019458119279589
ACH-000776,ONS76_CENTRAL_NERVOUS_SYSTEM,ONS76,CNS/Brain,Embryonal Tumor,-0.929026267542045,-0.916155686074949,-0.814701531264443,0.5412193350591186,-0.485146467704429,-1.1257268748031,-0.802616393836108,-1.16200540654542,0.548223756636357
ACH-000777,KYSE30_OESOPHAGUS,KYSE30,Esophagus/Stomach,Esophageal Squamous Cell Carcinoma,-0.388390804054418,-0.761994056667951,-1.14047207540493,0.6024243768771179,-0.43046280761262,-0.925126799875683,-0.397043065669265,-0.86400628037852,0.6443739581330493
ACH-000778,HSC3_UPPER_AERODIGESTIVE_TRACT,HSC3,Head and Neck,Head and Neck Squamous Cell Carcinoma,0.295878160506287,0.949315529116413,0.668487316696852,1,-0.0593840662168667,0.410843938421245,0.809036408107826,0.490048724013548,0.9899184370110037
ACH-000781,NCIH2023_LUNG,NCIH2023,Lung,Non-Small Cell Lung Cancer,0.0623160443757891,0.376059944343172,-0.0990975732898329,0.9778722666003501,-0.430590274478124,-0.3047859308373,0.245941537221832,-0.370474086769252,0.8312621873112175
ACH-000783,CAMA1_BREAST,CAMA1,Breast,Invasive Breast Carcinoma,-0.626107368582691,-0.769216161140741,-0.573447557335314,0.6355558080417468,-0.482860935644332,-0.970478987733028,-0.336325190159339,-0.827862753505052,0.6453283230833249
ACH-000784,KYSE70_OESOPHAGUS,KYSE70,Esophagus/Stomach,Esophageal Squamous Cell Carcinoma,0.020974162224273,0.606084875573214,0.576563269195828,1,-0.652529628181887,-0.0999330417944765,0.581906598527657,0.354544926658466,0.8923100447076875
ACH-000785,NCIH2126_LUNG,NCIH2126,Lung,Non-Small Cell Lung Cancer,-0.0762596405096942,0.0666710497773782,-0.0968062796833783,0.96120478273646,-0.17777238834154,-0.743911839321707,-0.579019082465604,-1.03095647531705,0.6599973606250551
ACH-000787,LXF289_LUNG,LXF289,Lung,Non-Small Cell Lung Cancer,-0.817041934433937,-0.976608979219354,-0.650102586129006,0.5710041126130548,-0.399174779106751,-0.906244263572139,-1.04700821636192,-0.874115118501694,0.5803558457476783
ACH-000788,A2058_SKIN,A2058,Skin,Melanoma,-0.720873586865564,-0.13313254313422,-0.48896371553786,0.7437053523524055,-0.352468605162565,-0.320091615987906,-0.786541528473258,-0.602768747647353,0.705620732269304
ACH-000791,RERFLCAD1_LUNG,RERFLCAD1,Lung,Non-Small Cell Lung Cancer,-0.189163234689175,-0.261950961463016,-0.907224350988357,0.7480945524159497,-0.025608597380938,-0.348787401824549,-0.439967726728377,-0.246693995532518,0.8369066470673496
ACH-000792,BFTC909_KIDNEY,BFTC909,Kidney,Renal Cell Carcinoma,-0.023101779290567,1.23618961655255,0.540499115439302,0.9947048640802205,-0.265437001887893,-0.423549370212882,0.41285871706032,0.448495120509353,0.8943836844735928
ACH-000796,MCAS_OVARY,MCAS,Ovary/Fallopian Tube,Ovarian Epithelial Tumor,-0.155715639805972,-0.18028625562247,-0.025518424177672,0.9208941105464786,-0.0845637663812197,-0.427908638954159,-0.353954470275213,-0.470874390467706,0.7975929629309131
ACH-000800,NCIH446_LUNG,NCIH446,Lung,Lung Neuroendocrine Tumor,-0.393470866159805,-0.764209803398061,-0.638180686930366,0.6641981054764696,-0.809256041379325,-1.00141266789082,-1.15018863916953,-1.15609439606757,0.492369672080284
ACH-000802,BFTC905_URINARY_TRACT,BFTC905,Bladder/Urinary Tract,Bladder Urothelial Carcinoma,0.096925678708857,0.414072756353502,-0.063385694634997,0.9856718574785263,-0.437028611032144,-0.64396138077102,-0.795948934466647,-0.384560556236435,0.6801460544353407
ACH-000803,COLO668_LUNG,COLO668,Lung,Lung Neuroendocrine Tumor,-0.635493763117624,0.0861069341931678,0.163686702240038,0.8812401544635518,-0.407820131578795,-1.31065301091361,-0.697314978389821,-0.84736933219881,0.5823539972045508
ACH-000804,NB1_AUTONOMIC_GANGLIA,NB1,Peripheral Nervous System,Neuroblastoma,-0.0817664132517562,0.0226421048533517,0.201209340297453,0.9816333391235554,-0.537309881324782,-0.531900191513941,-0.212025536293391,-0.0805183084251159,0.7974349547181052
ACH-000805,COLO679_SKIN,COLO679,Skin,Melanoma,-0.840662167779344,-0.889621198215908,-0.76574654408363,0.5620973286807881,-0.966205643644992,-2.12870809607756,-1.63396004446364,-1.37228085871257,0.36224891687614985
ACH-000808,HUH28_BILIARY_TRACT,HUH28,Biliary Tract,Intraductal Papillary Neoplasm of the Bile Duct,0.0498308735211239,0.521634770962956,-0.301616521829375,0.9371142624526502,-0.0894717568734213,-0.403205480594089,0.624842775508055,-1.04199474286977,0.7954246565567081
ACH-000809,KYSE410_OESOPHAGUS,KYSE410,Esophagus/Stomach,Esophageal Squamous Cell Carcinoma,-1.55944759713685,-1.43212737552744,-1.28059323458377,0.37383040407418594,-1.51371512628248,-1.8946518152056,-1.02503046966302,-1.41567907736128,0.3713449784929299
ACH-000810,SKMEL30_SKIN,SKMEL30,Skin,Melanoma,0.0439512958595714,-0.0206960541153231,-0.42331123361303,0.9104893722665767,-0.837295182033875,-0.558450130091046,0.534123525682418,0.0757900165927755,0.8096807910489893
ACH-000811,SKOV3_OVARY,SKOV3,Ovary/Fallopian Tube,Ovarian Epithelial Tumor,-0.115880500650061,0.393016003219,0.355583583031921,0.9742729757227396,-0.831111386327713,-0.0641022539780139,-0.131996726161955,-0.177502768788262,0.8288590534499934
ACH-000812,COLO783_SKIN,COLO783,Skin,Melanoma,-0.199804818589852,-0.100410449188145,-0.316503862425476,0.8688164740149529,-0.705335278761154,-0.952603060043617,-0.431224675814176,-0.449603037220458,0.6509688853685427
ACH-000813,T3M10_LUNG,T3M10,Lung,Non-Small Cell Lung Cancer,0.03215453847487,-0.250063462374186,0.0332707215126051,0.9469531420239512,-0.277508526376658,-0.598220429897714,0.019885690502009,-0.131078969982154,0.8496827711717169
ACH-000814,HS939T_SKIN,HS939T,Skin,Melanoma,-1.04434985102784,-0.414261428597175,-0.625715904327338,0.6277883376780705,-0.956970761253302,-0.760104058985431,-0.793994901100252,-0.988827945067086,0.5465557421175269
ACH-000819,LN18_CENTRAL_NERVOUS_SYSTEM,LN18,CNS/Brain,Diffuse Glioma,0.036806877816774,0.671923881752453,-0.00708645039582578,0.9983666969339534,-0.570752162997362,0.0156321947590243,0.779862018041281,0.20789103354234,0.9183164208365975
ACH-000822,SKMEL24_SKIN,SKMEL24,Skin,Melanoma,0.83318695016208,1.2205795738203,0.392862618781443,1,-1.20653157708668,0.289286888767343,0.485098625468036,0.666481000550044,0.8583272736921777
ACH-000823,KYSE140_OESOPHAGUS,KYSE140,Esophagus/Stomach,Esophageal Squamous Cell Carcinoma,-0.382757142530081,-0.188246939998408,-0.497277038723024,0.7843615430155128,-0.596001669953902,-0.636545144575043,-0.569232130636216,-0.455166573518051,0.6770594577907167
ACH-000824,KYSE510_OESOPHAGUS,KYSE510,Esophagus/Stomach,Esophageal Squamous Cell Carcinoma,-0.411473943777841,-0.076044886042846,-0.0749661385632266,0.8832913479665325,0.00893428599874043,-0.372667785785739,-0.475886403208581,-0.909968670356014,0.7558936232343252
ACH-000826,CAL12T_LUNG,CAL12T,Lung,Non-Small Cell Lung Cancer,-0.437164692200678,-0.291745593064548,-0.0563480226696093,0.8390643943943438,-0.779419259488412,-0.766346909066822,-0.794847571691256,-0.418964594054747,0.6237177030479784
ACH-000827,WM793_SKIN,WM793,Skin,Melanoma,-0.154197990132186,-0.389265125348466,-0.196979823805399,0.8448417075947485,-0.64859395858348,-0.421969086583977,0.0135457206645209,-0.476661225019505,0.7757364276890608
ACH-000832,CAL27_UPPER_AERODIGESTIVE_TRACT,CAL27,Head and Neck,Head and Neck Squamous Cell Carcinoma,-0.0932324095129139,0.272914917950256,-0.123830042366108,0.9517226877971613,-0.222527862024152,-0.355798812695673,-0.0866861209908455,-0.368257553392096,0.8387250427569433
ACH-000833,RH30_SOFT_TISSUE,RH30,Soft Tissue,Rhabdomyosarcoma,0.306894514462254,-0.383832890604904,0.313919322969274,0.9221329160024393,-0.0552776296012647,0.232778052107318,-0.0855696575766609,0.368712588196966,0.9762053914418329
ACH-000834,UMUC1_URINARY_TRACT,UMUC1,Bladder/Urinary Tract,Bladder Urothelial Carcinoma,-1.17856394307204,-0.832665958070299,-1.08514295524594,0.49154243392188934,-1.06049103605067,-1.15868681263,-1.12810209879228,-0.883608593220037,0.4817290294385822
ACH-000835,GCT_SOFT_TISSUE,GCT,Soft Tissue,Undifferentiated Pleomorphic Sarcoma/Malignant Fibrous Histiocytoma/High-Grade Spindle Cell Sarcoma,0.611824854016342,0.400257880431706,0.381323349407021,1,0.0629956113075255,0.107267259363359,0.435640018259634,-0.0631178864208031,0.9892983100531992
ACH-000836,YD15_SALIVARY_GLAND,YD15,Head and Neck,Head and Neck Squamous Cell Carcinoma,0.129682615893548,0.728269809914483,0.327175794897681,1,-0.493329067768288,0.0359986892225909,0.750167790280981,0.221126398864563,0.9275959924820916
ACH-000837,NCIH322_LUNG,NCIH322,Lung,Non-Small Cell Lung Cancer,0.442527519217775,0.303979074709305,0.572518909529729,1,0.0496586652475424,-0.0514871236463229,0.175885208167801,0.00116696605321143,0.9912352897599277
ACH-000839,SCABER_URINARY_TRACT,SCABER,Bladder/Urinary Tract,Bladder Squamous Cell Carcinoma,0.37167376671454,0.164306113548439,0.184104732201312,1,0.107099518657791,-0.416515964525215,-0.022805695476931,-0.4811737147212,0.8624857349168784
ACH-000841,NCIH2087_LUNG,NCIH2087,Lung,Non-Small Cell Lung Cancer,-0.258256043288793,0.552805794293184,0.104441192932319,0.9453659998938596,-0.0104164394847267,-0.290801038438968,0.349164226164508,-1.46591837107279,0.7930647391466108
ACH-000842,SW480_LARGE_INTESTINE,SW480,Bowel,Colorectal Adenocarcinoma,-0.358399603162073,-0.290543696026551,-0.412960005054599,0.7829013535378708,-0.185823566634791,-0.518020859837369,-0.457287781366853,-0.335791882930742,0.774544898944233
ACH-000843,HARA_LUNG,HARA,Lung,Non-Small Cell Lung Cancer,-0.639479398470882,-0.156373087209921,-0.535428773734331,0.7430587084432863,-0.554235996756752,-0.544746488430454,-0.613412259041872,-0.713972655304695,0.6574543557422634
ACH-000845,NCIH1373_LUNG,NCIH1373,Lung,Non-Small Cell Lung Cancer,0.315045258208585,0.448633164144929,0.429671163170668,1,-0.0961525367212406,-0.405740575032871,-0.21347519943951,0.179178239843262,0.888207626701145
ACH-000846,FADU_UPPER_AERODIGESTIVE_TRACT,FADU,Head and Neck,Head and Neck Squamous Cell Carcinoma,0.346552508446832,0.543952822567481,0.36085957464227,1,0.0749967728311354,0.105928570690916,0.47694670400584,0.477729984653299,1
ACH-000847,HGC27_STOMACH,HGC27,Esophagus/Stomach,Esophagogastric Adenocarcinoma,-1.01380323581553,-0.741012948462628,-0.333569687497476,0.6290428643142245,-0.238506467399058,-0.94615275313453,-1.26256190566255,-0.700732410709643,0.599674989953377
ACH-000848,JHH7_LIVER,JHH7,Liver,Hepatocellular Carcinoma,-0.43124558926323,0.295239433752457,-0.424823878039273,0.8288502920751092,-1.19485137265681,-1.66565311162573,-0.889799781517,-0.861500595441002,0.46052546971455105
ACH-000849,MDAMB468_BREAST,MDAMB468,Breast,Invasive Breast Carcinoma,-0.852536432388675,-0.387364303718418,-0.667597002575159,0.6492965645658295,-0.56254011371657,-0.787908504937718,-0.978324786909256,-0.708497332575964,0.5939545135065835
ACH-000852,NCIH1435_LUNG,NCIH1435,Lung,Non-Small Cell Lung Cancer,-0.480193644761791,-1.14176756038025,-0.485812628937216,0.628060034390868,-0.609747182165755,-0.526346733549007,-0.347409656935052,-0.906605037221948,0.6672637979156473
ACH-000853,NCIH661_LUNG,NCIH661,Lung,Non-Small Cell Lung Cancer,0.414040184744661,0.755693814895506,-6.7505370133819e-4,0.9998440659612458,0.100021464640705,0.237135395887499,0.385721385497153,0.319871721756202,1
ACH-000855,KYSE150_OESOPHAGUS,KYSE150,Esophagus/Stomach,Esophageal Squamous Cell Carcinoma,-1.14414322228972,-0.839851948367299,-0.844055317019047,0.5227448926047383,-0.757479889817617,-1.05613073172658,-1.25089634703189,-0.497054892485204,0.5502969160088358
ACH-000856,CAL51_BREAST,CAL51,Breast,Invasive Breast Carcinoma,-0.781669315180094,-0.237740104154675,-0.231060841806805,0.7605914094364928,-0.718463750419263,-0.233244162700305,0.0427297900769767,-0.206591432323157,0.8312615572441555
ACH-000858,KNS62_LUNG,KNS62,Lung,Non-Small Cell Lung Cancer,-0.0953991569982029,0.323121660139132,-0.58549878743065,0.8674773787353914,-0.540798806089939,-0.011775875794621,0.324695409604355,-0.237589118698674,0.881855624271292
ACH-000860,NCIH358_LUNG,NCIH358,Lung,Non-Small Cell Lung Cancer,-0.236434537979583,-0.58336047501841,-0.958405346574635,0.6769577796240901,-0.655155948136606,-0.572729503885483,-0.94139126122253,-0.551940520722423,0.6275457256924013
ACH-000862,KMBC2_URINARY_TRACT,KMBC2,Bladder/Urinary Tract,Bladder Urothelial Carcinoma,-0.911102074881584,-0.607693421398147,-0.399002217946815,0.6488021280800785,0.0206640992454447,-0.987982549025939,-0.635142497598916,-0.882875788103009,0.6725862330923077
ACH-000863,DBTRG05MG_CENTRAL_NERVOUS_SYSTEM,DBTRG05MG,CNS/Brain,Diffuse Glioma,0.0233929160669109,0.33446383610851,-0.0509247062859111,0.9884391343703406,0.493202701893618,0.104855683823025,-0.086375582476267,-0.442447366417868,0.9194428103941072
ACH-000866,NCIH1048_LUNG,NCIH1048,Lung,Lung Neuroendocrine Tumor,-0.410056338806752,-0.509177459098324,-0.227264833030546,0.7698232715837234,-0.426078266473554,-0.344177744684329,-0.339225690535196,-0.339620376635685,0.7781884376587416
ACH-000868,HCC1195_LUNG,HCC1195,Lung,Non-Small Cell Lung Cancer,0.58969707547209,1.13548211892667,0.936310268556932,1,1.12041592471518,0.932854660770344,1.13215598458249,-0.13232737157576,0.9780896089252376
ACH-000869,NCIH1568_LUNG,NCIH1568,Lung,Non-Small Cell Lung Cancer,-0.316799055171693,-0.245343498633719,-0.690606357892481,0.7553524999850781,-0.695852693777898,-0.674241495833731,-0.60777265812566,-0.300166605920109,0.6780933909194988
ACH-000872,HCC515_LUNG,HCC515,Lung,Non-Small Cell Lung Cancer,-1.37053512200399,-0.823896516414424,-0.0474325985072956,0.6397729079675438,0.158761880550219,-0.197560195806739,-0.758410950138625,-0.499609100382232,0.792617380410356
ACH-000873,KYSE270_OESOPHAGUS,KYSE270,Esophagus/Stomach,Esophageal Squamous Cell Carcinoma,-0.570765940891976,-0.317896407382674,-0.658812992695955,0.7029657492064303,-0.243810785207038,-0.620050126678802,-0.697127827418298,-1.11422808613983,0.6434742857058714
ACH-000875,NCIH2347_LUNG,NCIH2347,Lung,Non-Small Cell Lung Cancer,0.0710242587981804,-0.349249308592024,-0.292569300598658,0.8671464015147966,-0.692197935470759,-0.65373103168034,-0.584693559298528,-0.433637519861323,0.6654320425901804
ACH-000878,HCC15_LUNG,HCC15,Lung,Non-Small Cell Lung Cancer,-0.284024174146851,-0.937868265716388,-0.475115382655345,0.6875699388392749,0.177926342663131,0.010883793970881,-0.13588597742305,-0.636320315561126,0.8883656296010911
ACH-000879,MFE296_ENDOMETRIUM,MFE296,Uterus,Endometrial Carcinoma,0.0270868090059711,0.230527237894608,0.0977330207931597,1,-0.0211176181026288,-0.211415726534204,-0.405180072344771,-0.5272742292161,0.824541187944544
ACH-000880,AGS_STOMACH,AGS,Esophagus/Stomach,Esophagogastric Adenocarcinoma,0.364238375916641,0.227406131391437,0.118610028779455,1,0.115500332966931,0.0157140512292512,-0.0510895824259625,-0.474202680416715,0.9212679024791923
ACH-000881,MELJUSO_SKIN,MELJUSO,Skin,Melanoma,-0.18130770040539,-0.22034588124506,-0.46220085117021,0.8220469836295335,-0.366445703505735,-0.869485137861725,-0.633379861960377,-0.130255461037666,0.7203418346276264
ACH-000882,IGR1_SKIN,IGR1,Skin,Melanoma,-0.843194140630965,-0.4082166578053,-1.24415345479522,0.577705971239614,-0.453735839756963,-0.581299941976558,-1.03664222352976,-1.01039001380363,0.5955959202402978
ACH-000884,MDAMB435S_SKIN,MDAMB435S,Skin,Melanoma,-0.733275766597601,-1.64265787193435,-1.6387832462585,0.41430987383939727,-0.864129991509565,-1.18350378780236,-0.29022791255782,-1.42404073093838,0.5450246136698119
ACH-000885,TOV21G_OVARY,TOV21G,Ovary/Fallopian Tube,Ovarian Epithelial Tumor,-2.37500583549298,-2.02956238435757,-1.87659234140975,0.23667704164907014,0.359306865993538,-0.677484337282163,-0.91800151617158,-1.61907015835201,0.6200103632927452
ACH-000886,NCIH2009_LUNG,NCIH2009,Lung,Non-Small Cell Lung Cancer,-0.378765005817464,-0.150980020704212,-0.172962427907735,0.8522511792783134,0.0444597839065412,-0.391264089659278,-0.544502281837309,-0.18429028943322,0.8320427630959554
ACH-000888,NCIH1793_LUNG,NCIH1793,Lung,Non-Small Cell Lung Cancer,0.278989507455362,0.0329991527932268,0.176589797011097,1,-0.510718712565476,0.125511231786142,-0.171744928170472,0.424323477233536,0.8974102448017492
ACH-000890,SW1271_LUNG,SW1271,Lung,Lung Neuroendocrine Tumor,-0.374929792427362,-0.340553814952115,-0.44949511125913,0.7643933705698643,-1.31228125442136,-0.346255281588855,-0.221903202038689,-0.0219029774249711,0.7579182797441977
ACH-000891,HCC1438_LUNG,HCC1438,Lung,Non-Small Cell Lung Cancer,-0.430672741048012,-0.572222375228214,-0.536919294205725,0.7012456002846085,-0.553190435552006,-1.01514362433867,-0.930852623153018,-0.848559708013538,0.5640443815808825
ACH-000892,NCIH1563_LUNG,NCIH1563,Lung,Non-Small Cell Lung Cancer,-0.572256300169387,-0.715345964170497,-0.372887351441818,0.6846195326787886,-0.307230713583931,-0.960519289126967,-0.78233533576228,-0.800263096758904,0.6194332087789525
ACH-000893,NCIH1651_LUNG,NCIH1651,Lung,Non-Small Cell Lung Cancer,-0.397130986930873,-0.00117670416079869,-0.121810854628492,0.8925283219193855,-0.116643375546807,0.0287725710581557,0.0356818556410831,-0.307277418351807,0.9326241335137683
ACH-000895,CL34_LARGE_INTESTINE,CL34,Bowel,Colorectal Adenocarcinoma,-0.945561763913389,-0.772604196786866,-0.382031999127193,0.6239810842698386,-0.0451209123640697,-1.25787643919535,-0.936645544887088,-0.976891246440301,0.6044717977741552
ACH-000896,647V_URINARY_TRACT,647V,Bladder/Urinary Tract,Bladder Urothelial Carcinoma,-0.136537185694164,0.0104149581344088,-0.230528046960631,0.9206743025610585,-0.367266565890482,-0.184811230562423,-0.3082527081671,-0.241699202482299,0.8270955090546371
ACH-000897,FTC238_THYROID,FTC238,Thyroid,Well-Differentiated Thyroid Cancer,-0.285577473411551,-0.262337071298996,0.0984074597297456,0.8847164599624809,-0.261038587393305,-0.296066759447907,-0.66304000032227,-0.449210318680032,0.7532366518246032
ACH-000898,SNU719_STOMACH,SNU719,Esophagus/Stomach,Esophagogastric Adenocarcinoma,0.537176147866219,0.300300443578744,0.466692603159808,1,0.905376548909847,-0.469959223492087,0.842920521959172,0.269259197965474,0.9304962509361825
ACH-000899,WM88_SKIN,WM88,Skin,Melanoma,-0.512255065137244,-0.678176266419178,-0.574097227346903,0.6659289635443869,-1.07257222501576,-0.713046035820053,-0.871111622230614,-0.474504563847203,0.5879851580532093
ACH-000900,NCIH23_LUNG,NCIH23,Lung,Non-Small Cell Lung Cancer,0.153887658990931,0.0310121102869935,0.509731266761386,1,0.185030476066792,0.243464496863078,-0.261094400036729,0.497375597141105,0.9586136695991223
ACH-000901,HCC1359_LUNG,HCC1359,Lung,Non-Small Cell Lung Cancer,-0.642577204850872,-1.50394004189287,-0.836015577109598,0.51778177645572665,-0.819730822446309,-0.924242531826256,-1.02314629810994,-0.60828526876685,0.5603806937482387
ACH-000903,FTC133_THYROID,FTC133,Thyroid,Well-Differentiated Thyroid Cancer,0.775099674202089,0.0490382689351458,0.520745553137124,1,-0.280704486375217,0.385351960189804,-0.0893014885023288,0.17197544075539,0.9407916736838641
ACH-000905,5637_URINARY_TRACT,5637,Bladder/Urinary Tract,Bladder Urothelial Carcinoma,-0.277221253737247,0.281540207636404,-0.438844154210761,0.8543014215200502,-0.783733213549242,-0.41993224526317,-0.182287371884511,-0.151842672708488,0.7774315428010518
ACH-000906,ES2_OVARY,ES2,Ovary/Fallopian Tube,Ovarian Epithelial Tumor,-0.511731567639257,-0.838214735438051,-0.0439106952658344,0.743579119774104,0.110840892640905,-0.955760713497539,-0.76658523305333,-0.824947294798743,0.6669699052624882
ACH-000909,JHUEM2_ENDOMETRIUM,JHUEM2,Uterus,Endometrial Carcinoma,-0.931913372004232,-0.831262358000837,-0.957862664233101,0.533673000759744,-0.423208254126915,-0.625310779744367,-1.31546599504532,-1.66218915087314,0.5279498765059543
ACH-000911,NUGC3_STOMACH,NUGC3,Esophagus/Stomach,Esophagogastric Adenocarcinoma,0.150676869495853,0.353642737744305,0.203098480550918,1,-0.41887150566078,-0.257301215132662,-0.403035138240332,-0.362367992428991,0.7797033383144839
ACH-000913,ESS1_ENDOMETRIUM,ESS1,Uterus,Uterine Sarcoma/Mesenchymal,-0.0227674428894524,0.0920974151029901,-0.415146163907477,0.9114287311136926,-0.165171561228102,-0.0598418186719925,-0.138531750525332,-0.35808787870869,0.8849582339587889
ACH-000915,IPC298_SKIN,IPC298,Skin,Melanoma,-0.059325901803706,0.0569518499356674,0.0640216138096577,0.9865708131698856,-0.157796527562555,-0.304339664393776,-0.223589606958635,-0.0774666400126446,0.8775895384258039
ACH-000916,NCIH1573_LUNG,NCIH1573,Lung,Non-Small Cell Lung Cancer,0.0520547925247391,-1.60545909419547,-0.0782574010958901,0.7586107184573201,-0.758335438811518,-0.524026787491583,-0.0169268597778759,-0.372530444587896,0.7618420884851548
ACH-000917,TE4_OESOPHAGUS,TE4,Esophagus/Stomach,Esophageal Squamous Cell Carcinoma,-0.619343132088099,-0.37319540563137,-1.06142042331855,0.6340659556726389,-0.0766164526007797,-0.945884235939082,-0.646724450972618,-1.14664393607256,0.6394484758576829
ACH-000919,IM95_STOMACH,IM95,Esophagus/Stomach,Esophagogastric Adenocarcinoma,-0.512413211977507,-0.286514696701433,-0.200491819825105,0.797061000872901,-1.02775199483688,-0.488368180819793,-0.342624108357174,-1.11364189592766,0.6135090812921463
ACH-000921,NCIH157DM_LUNG,NCIH157DM,Lung,Non-Small Cell Lung Cancer,-0.415369110435065,-0.495808951057489,-0.598801798397984,0.7064312264910002,-0.326515147012266,-1.00292678855429,-0.392900945621368,-0.674284604539303,0.6711716638334243
ACH-000924,NCIH2172_LUNG,NCIH2172,Lung,Non-Small Cell Lung Cancer,-0.206254247543796,-0.167322720601257,-0.387087659543257,0.8406500507682624,-0.255195647984711,-0.751628615607673,-0.622213470761148,-0.403401226794332,0.7093883247293279
ACH-000925,DV90_LUNG,DV90,Lung,Non-Small Cell Lung Cancer,0.301814726074278,0.21712934837419,0.114272226816365,1,-0.0215773086838738,-0.0397930370893144,0.137433653135734,-0.190621537285456,0.9585444187667553
ACH-000926,HT55_LARGE_INTESTINE,HT55,Bowel,Colorectal Adenocarcinoma,0.0149545288156639,0.427535920808082,-0.0970707811063007,0.9783097757937845,-0.165623261433676,-0.22880545107746,0.449553668329744,0.253440176018291,0.936221110798904
ACH-000927,BT474_BREAST,BT474,Breast,Invasive Breast Carcinoma,0.46279730076631,0.664940118363443,-0.0312108982639438,0.9928661949794323,0.139382809122011,-0.10886770320669,0.390131178337978,0.0866373108147412,0.9818288946102313
ACH-000929,NCIH2110_LUNG,NCIH2110,Lung,Non-Small Cell Lung Cancer,-0.86974158918101,-0.670775097595335,-1.27745052392472,0.5293126108397406,-0.406759699440696,-1.00124545141053,-1.55611140292337,-0.925571139886591,0.5301056806563758
ACH-000936,EFO27_OVARY,EFO27,Ovary/Fallopian Tube,Ovarian Epithelial Tumor,-0.452966235536393,-0.199930729973476,-0.2947085899295,0.8054562117233431,-0.493274504103678,-0.501759735723035,-0.324899652249867,-0.225237291197621,0.7676159681114167
ACH-000939,SKUT1_SOFT_TISSUE,SKUT1,Uterus,Uterine Sarcoma/Mesenchymal,-0.107489420948916,0.306693618400151,0.127534246041565,0.9760673049917954,0.210240239623057,-0.463481754091238,-0.333040032879909,-0.686220435067134,0.785143914878806
ACH-000940,AN3CA_ENDOMETRIUM,AN3CA,Uterus,Endometrial Carcinoma,-0.326020331830489,-0.179164945165257,-0.274806728837009,0.835836368435784,-0.369120791498097,-0.313009452618508,-0.34776483524738,-0.239097278087012,0.80307274019496655
ACH-000941,HEC1B_ENDOMETRIUM,HEC1B,Uterus,Endometrial Carcinoma,-1.16557081691297,-1.80657790916958,-1.42997094884423,0.3675981396049944,-0.255924624730328,-0.659701795483938,-1.68289258729094,-1.48879415298536,0.5345567867793564
ACH-000943,RKO_LARGE_INTESTINE,RKO,Bowel,Colorectal Adenocarcinoma,-0.180160496492206,0.203959175879053,-0.373708231439722,0.8848003205897924,0.111977192520455,-0.213511824103876,-0.337056502927167,0.0466705730709783,0.913522546198664
ACH-000945,NCIH650_LUNG,NCIH650,Lung,Non-Small Cell Lung Cancer,-0.0805330831291259,0.397607268182236,-0.233732825216097,0.9320465921185688,-0.0988081080914109,-0.207110747300905,-0.0816246321297612,0.0567451142008097,0.9362668446990455
ACH-000946,HEC265_ENDOMETRIUM,HEC265,Uterus,Endometrial Carcinoma,0.352167469322945,0.491935058001994,0.185996141624095,1,0.427690753904318,0.095094645085631,-0.271890684398783,-0.554591763870458,0.8772707762936024
ACH-000947,OVK18_OVARY,OVK18,Ovary/Fallopian Tube,Ovarian Epithelial Tumor,-3.46103067457072,-3.49458296501369,-3.19961239418887,0.09612576585500751,-0.604749736641263,-1.06804542333353,-1.71174028166245,-2.80014224258822,0.3958537299279261
ACH-000948,2313287_STOMACH,2313287,Esophagus/Stomach,Esophagogastric Adenocarcinoma,-0.807642673733393,-0.754878414150889,-0.837924616235836,0.5744529055048404,-1.80007108412098,-1.05726958449085,-0.853319356803247,0.563889013717116,0.5803027134263417
ACH-000950,LOVO_LARGE_INTESTINE,LOVO,Bowel,Colorectal Adenocarcinoma,-0.638227823245379,-1.37257842604734,-0.817952663108886,0.5319828190427738,-0.50842621897118,-0.929368690923098,-0.285771461597875,-0.885043300561834,0.6474627662728292
ACH-000954,HEC1A_ENDOMETRIUM,HEC1A,Uterus,Endometrial Carcinoma,-0.638303108581404,-0.460894466493765,-0.137251382513357,0.7594178825083284,-0.037730306670487,-0.0461255220758599,-0.480786757041998,-0.569842060666407,0.8332493882813019
ACH-000955,SNU407_LARGE_INTESTINE,SNU407,Bowel,Colorectal Adenocarcinoma,-0.08499865001545,-0.191875418012027,-0.385844187236166,0.8611944604724825,-0.0974323103342135,-0.221387173115847,-0.659931025140466,-0.721546747369918,0.7579477106253654
ACH-000956,22RV1_PROSTATE,22RV1,Prostate,Prostate Adenocarcinoma,0.169804438182036,-0.330892060978677,-0.242548262947216,0.8800985800950474,-0.565457560248147,-0.293534699281809,-0.263956114676516,-0.481999053147365,0.7601069018652714
ACH-000957,LS180_LARGE_INTESTINE,LS180,Bowel,Colorectal Adenocarcinoma,0.0996961727726865,0.159622591221391,0.00413105971677647,1,-0.202834334067235,-0.68223306294936,0.0538214698741132,-0.0829282359318456,0.8590453111608615
ACH-000959,SNUC4_LARGE_INTESTINE,SNUC4,Bowel,Colorectal Adenocarcinoma,-0.11589091136481,-0.202034363799318,-0.196929843941249,0.8881804165751176,-0.282282347970071,-0.175917366977541,-0.499017237502791,-0.206270596993529,0.8204642968283172
ACH-000961,ISHIKAWAHERAKLIO02ER_ENDOMETRIUM,ISHIKAWAHERAKLIO02ER,Uterus,Endometrial Carcinoma,-1.24270826289691,-0.641238764627297,-0.487446071085623,0.592342497500365,-0.641203730278301,-0.543945613496732,-0.276780341042247,-1.3196879906321,0.6382807246241805
ACH-000962,OC314_OVARY,OC314,Ovary/Fallopian Tube,Ovarian Epithelial Tumor,-0.323183008225228,-0.0247641686841474,0.0272923442865653,0.9274285666969739,-0.319803704351197,-0.461458134990544,-0.66431030302897,-0.543125286491486,0.7111759106640516
ACH-000965,RL952_ENDOMETRIUM,RL952,Uterus,Endometrial Carcinoma,-0.014722095822867,-0.0628105820892338,-0.0452271393443278,0.9721272282533259,-0.055390864205447,-0.766177526925222,-0.64908895978353,-0.33642717984826,0.7449975237962653
ACH-000966,IGROV1_OVARY,IGROV1,Ovary/Fallopian Tube,Ovarian Epithelial Tumor,-1.82531039828683,-2.04349784001937,-2.2399496183786,0.24548299997013076,-0.126596023580805,-0.442417888779983,-1.49942625885982,-2.79324963322018,0.5374612793720336
ACH-000968,COLO792_SKIN,COLO792,Skin,Melanoma,0.21182267841114,-0.016109619226353,0.00771572083607374,0.9962985916642219,-0.272961377394882,-0.444451035322278,-0.0260390715655828,0.238726528546283,0.886148964503806
ACH-000971,HCT116_LARGE_INTESTINE,HCT116,Bowel,Colorectal Adenocarcinoma,-0.095781495560671,-0.15060441027855,0.349238878364927,0.9455460603906805,-0.465831746042282,-0.399526899765314,-0.503006467229406,-0.139601907384985,0.7738911842897871
ACH-000972,HEC151_ENDOMETRIUM,HEC151,Uterus,Endometrial Carcinoma,-0.235048108943989,-0.255704615521158,0.335250811061341,0.8957448751027592,0.182549805724658,-0.463260404856223,-0.404027704780415,-0.609090434523151,0.7841751321132153
ACH-000973,639V_URINARY_TRACT,639V,Bladder/Urinary Tract,Urethral Cancer,-0.61887021668646,-0.275697163125408,-0.0938217081412309,0.8047563187798654,0.143045456024596,-0.697918432813153,-0.768235681092175,-0.585169462290387,0.7175417786582573
ACH-000974,SNGM_ENDOMETRIUM,SNGM,Uterus,Endometrial Carcinoma,-2.47412932363459,-2.09661043140805,-2.02559210008202,0.21979551210993814,-0.538261784034096,-0.589220496046235,-1.35200582748239,-0.923912889305937,0.5680316412034658
ACH-000976,HUCCT1_BILIARY_TRACT,HUCCT1,Biliary Tract,Intraductal Papillary Neoplasm of the Bile Duct,-0.0632932120335959,0.362839355568977,0.421704261407907,0.9856923076600985,-0.434216483296554,0.0844185646404431,0.385928888455091,0.187763078647338,0.935023896445557
ACH-000977,LNCAPCLONEFGC_PROSTATE,LNCAPCLONEFGC,Prostate,Prostate Adenocarcinoma,0.1699644079774,-0.361914266138728,0.315490145797709,0.9260438055207929,0.141578050639789,0.327489489866318,-0.169934708593162,-0.00850584095337006,0.9707511136198549
ACH-000979,DU145_PROSTATE,DU145,Prostate,Prostate Adenocarcinoma,-0.18419565474732,0.0271101508522895,0.398697478670552,0.9600465476996083,-0.182544682224174,-0.218710015911209,0.0743736014125456,-0.149518618672425,0.910508029675894
ACH-000982,GP2D_LARGE_INTESTINE,GP2D,Bowel,Colorectal Adenocarcinoma,0.0958273889602013,-0.106820074841312,0.0646747127911218,0.9762108863836969,-0.1843128293288,-0.11617285584309,-0.239020090903382,-0.427235545836554,0.8484265473703352
ACH-000984,HEC6_ENDOMETRIUM,HEC6,Uterus,Endometrial Carcinoma,-0.321156842055058,-0.433353179853776,-0.303095495050107,0.7838259483866763,-0.389298645053126,-0.544170503204839,-0.508583373841821,-0.391140392294393,0.728681301162809
ACH-000985,LS411N_LARGE_INTESTINE,LS411N,Bowel,Colorectal Adenocarcinoma,-0.167383099230418,0.200782511902242,-0.338925633638143,0.8936954279122421,-0.382933232136696,-0.496681117490149,-0.508012136744543,-0.78609574219113,0.6896785449775332
ACH-000987,MEWO_SKIN,MEWO,Skin,Melanoma,-0.788779710313525,-0.165294007897227,-0.788557013024042,0.6831676997644314,-0.17795783993314,-1.00372314611827,0.124421418740267,-0.252483745177024,0.805528663659729
ACH-000988,MFE319_ENDOMETRIUM,MFE319,Uterus,Endometrial Carcinoma,-0.132683835759269,-0.135907026283693,-0.493718667216614,0.8441408886062921,-0.490037660944384,-0.394772279970876,-0.507506221142958,-0.691123573589637,0.6988561370267864
ACH-000990,HEC108_ENDOMETRIUM,HEC108,Uterus,Endometrial Carcinoma,0.221318146639863,-0.196283685247265,-1.57652109958503,0.736028459905271,-1.12993403706128,-0.147739053690404,-0.39497528174429,-2.4623905720093,0.575387165296007
ACH-000991,SNU81_LARGE_INTESTINE,SNU81,Bowel,Colorectal Adenocarcinoma,-0.766686078227484,-0.291613457791217,-0.827640982434304,0.6560679049832001,0.105258034657776,-0.548466032536479,-1.44154353903242,-1.35428582720725,0.6107620809987088
ACH-000994,HEC59_ENDOMETRIUM,HEC59,Uterus,Endometrial Carcinoma,-0.591693894455124,-0.0479530812261432,-0.674139117288527,0.7525257366811889,-0.409112205568257,-0.270686176965721,-0.195198794685046,-1.06512266820886,0.7333491020112611
ACH-000996,HEC251_ENDOMETRIUM,HEC251,Uterus,Endometrial Carcinoma,-0.929926718601686,-0.578656121433807,-0.348478126901131,0.659961464022893,-0.262840968810335,-0.488985835880041,-0.844111122974213,-0.627878515261283,0.6875380278265495
ACH-000997,HCT15_LARGE_INTESTINE,HCT15,Bowel,Colorectal Adenocarcinoma,-0.0550776694948032,-0.240319433659243,0.282875064748157,0.9363668244260243,-0.0575940929834762,-0.823991112929513,-0.804655943626123,-0.173403595108885,0.7462472629607547
ACH-001016,BECKER_CENTRAL_NERVOUS_SYSTEM,BECKER,CNS/Brain,Diffuse Glioma,0.44043137750158,-0.233914066980487,-0.285005620993124,0.8903544061872385,-0.235399709927107,-0.210402095439055,0.15852607385025,0.033254176393839,0.9284364821133263
ACH-001024,CHL1_SKIN,CHL1,Skin,Melanoma,-0.54592976703769,-0.20660280590612,-0.199544787269971,0.8074501761904542,0.0951893029111963,-0.217290843209822,-0.450761974444281,-0.198841554062252,0.8657713476317044
ACH-001075,NCIH292_LUNG,NCIH292,Lung,Non-Small Cell Lung Cancer,-0.6342799844385,-0.54185872299098,-0.650105387410696,0.6561271369100853,-0.969792510648927,-0.657461151941724,-0.720002239654345,-1.09552922562124,0.5549083578179453
ACH-001113,LC1SQSF_LUNG,LC1SQSF,Lung,Non-Small Cell Lung Cancer,-0.347202026932338,-0.555546301988888,-0.543103909017318,0.7175997835747309,-0.362966361495992,-1.46757345296437,-1.75790166679026,-2.96883170367764,0.39064048586556627
ACH-001128,MON_SOFT_TISSUE,MON,Soft Tissue,Rhabdoid Cancer,0.0104912086871563,-0.210059983629606,-0.137680015890019,0.9244936630009125,0.0388506542605276,0.293007082951529,-0.013830449905753,-0.911097494265461,0.8805599164122045
ACH-001145,OC316_OVARY,OC316,Ovary/Fallopian Tube,Ovarian Epithelial Tumor,-0.098754687654941,0.197108092832057,0.0261430371491253,0.9779462396912274,-0.0358883112438895,-0.114405492997845,-0.0336027449289009,-0.503845377903313,0.8953489846571845
ACH-001190,SKMEL2_SKIN,SKMEL2,Skin,Melanoma,0.085565268229345,-0.213901282207929,-0.315218227996092,0.8886439820537421,-0.621350391383205,-0.333943887611653,-0.518112713969444,-0.396671693507183,0.7253300664612519
ACH-001239,WM2664_SKIN,WM2664,Skin,Melanoma,-0.616121039876611,-0.150195154856392,-0.513231499257219,0.7514008596448579,-0.557716185194654,-0.415958533988816,-1.11670597880065,-0.77955565213653,0.6181474607326218
ACH-001306,8305C_THYROID,8305C,Thyroid,Anaplastic Thyroid Cancer,-0.815864057393121,0.467616930274262,-1.17908887159951,0.6698994926403604,-0.96552288649471,-1.34008132068664,0.386146169214288,0.0694510769813379,0.7267727916759879
ACH-001307,8505C_THYROID,8505C,Thyroid,Anaplastic Thyroid Cancer,-0.52482693482151,-0.453782498365594,-0.501672988188654,0.7104852765215409,-0.334978601987343,-0.853477451293664,-0.646967916182174,-0.29953729671712,0.6993447557614192
ACH-001310,HA1E_KIDNEY,HA1E,Kidney,Non-Cancerous,-0.0223823375503755,-1.72873744632197,-2.66675943671264,0.48126712001863675,-0.0809371560237965,-1.67277437425664,-1.28618085860947,-1.14467851110479,0.5303546035726738
ACH-001318,PLCPRF5_LIVER,PLCPRF5,Liver,Hepatocellular Carcinoma,0.417482137205591,0.32726050692801,-0.0976224253306584,0.9781906353984205,-0.0818529849920879,0.103930877596916,-0.35990902331456,0.328195212372755,0.9310142585015342
ACH-001321,TT_THYROID,TT,Thyroid,Medullary Thyroid Cancer,0.365656826538209,0.353791150165397,0.301796025321272,1,-0.311096746346736,-0.542309021756681,0.0866683799128419,-0.398943150191513,0.812778363284382
